"","Pathway","012025_COL_SAN_T5_568_OFAV_S1","012025_COL_SAN_T5_569_DLAB_S2","012025_COL_SAN_T5_570_DLAB_S3","012025_COL_SAN_T5_571_DLAB_S4","012025_COL_SAN_T5_572_OFAV_S5","012025_COL_SAN_T5_573_PSTR_S6","012025_COL_SAN_T5_574_MCAV_S7","012025_COL_SAN_T5_575_DLAB_S8","012025_COL_SAN_T5_576_PSTR_S9","012025_COL_SAN_T5_577_PSTR_S10","012025_COL_SAN_T5_578_MCAV_S11","012025_COL_SAN_T5_579_DLAB_S12","012025_COL_SAN_T5_580_OFAV_S13","012025_COL_SAN_T5_581_MCAV_S14","012025_COL_SAN_T5_582_PSTR_S15","012025_COL_SAN_T5_583_MCAV_S16","012025_COL_SAN_T5_584_OFAV_S17","012025_COL_SAN_T5_585_OFAV_S18","012025_COL_SAN_T5_586_DLAB_S19","012025_COL_SAN_T5_587_PSTR_S20","012025_COL_SAN_T5_588_MCAV_S21","012025_COL_SAN_T5_589_MCAV_S22","012025_COL_SAN_T5_590_PSTR_S23","012025_COL_SAN_T5_591_MCAV_S24","012025_COL_SAN_T5_592_PSTR_S25","012025_COL_SAN_T5_593_MCAV_S26","012025_COL_SAN_T5_594_MCAV_S27","012025_COL_SAN_T5_595_MCAV_S28","012025_COL_SAN_T5_596_OFAV_S29","032024_COL_SAN_T5_128_MCAV_S1","032024_COL_SAN_T5_129_MCAV_S2","032024_COL_SAN_T5_130_MCAV_S37","032024_COL_SAN_T5_131_MCAV_S3","032024_COL_SAN_T5_132_MCAV_S4","032024_COL_SAN_T5_133_MCAV_S5","032024_COL_SAN_T5_134_MCAV_S6","032024_COL_SAN_T5_136_MCAV_S7","032024_COL_SAN_T5_139_OFAV_S17","032024_COL_SAN_T5_140_OFAV_S18c","032024_COL_SAN_T5_141_OFAV_S19","032024_COL_SAN_T5_143_DLAB_S40","032024_COL_SAN_T5_144_PSTR_S9","032024_COL_SAN_T5_146_DLAB_S12","032024_COL_SAN_T5_147_PSTR_S10","032024_COL_SAN_T5_148_DLAB_S13","032024_COL_SAN_T5_149_DLAB_S14","032024_COL_SAN_T5_150_MCAV_S8","032024_COL_SAN_T5_154_PSTR_S38","032024_COL_SAN_T5_158_DLAB_S15","032024_COL_SAN_T5_159_DLAB_S16","032024_COL_SAN_T5_160_DLAB_S41","032024_COL_SAN_T5_161_DLAB_S42","032024_COL_SAN_T5_162_PSTR_S39","032024_COL_SAN_T5_163_PSTR_S11c","032024_COL_SAN_T5_166_OFAV_S20","032024_COL_SAN_T5_167_OFAV_S21"
"7","12DICHLORETHDEG-PWY: 1,2-dichloroethane degradation",0,0,0,0,0,5.852539832,0,0,0,0,0,0,0,0,0,0,0,0,0,0,0,0,0,0,0,0,0,0,0,0,0,0,0,0,0,0,0,0,0,0,10.50907938,0,0,0,0,0,0,0,0,0,0,11.91702738,0,0,0,0
"9","14DICHLORBENZDEG-PWY: 1,4-dichlorobenzene degradation",0,0,0,0,0,0,0,0,0,0,0,14.05816377,0,0,0,0,0,0,0,0,0,0,0,0,0,0,0,0,0,0,0,0,0,0,0,0,0,0,0,0,27.51115356,0,0,0,0,0,0,0,0,0,0,0,0,0,0,0
"11","1CMET2-PWY: folate transformations III (E. coli)",0,0,43.37978643,14.03046012,0,0,0,147.1327267,0,0,0,93.6772435,0,0,19.79317864,0,0,0,0,0,0,0,0,0,0,0,0,0,0,14.09568763,0,0,0,0,0,0,0,0,0,0,24.66986386,0,0,0,0,0,0,0,0,0,20.31825235,112.152875,30.61857246,0,0,0
"15","ANAEROFRUCAT-PWY: homolactic fermentation",0,0,0,16.16322451,0,18.35070109,0,54.31296357,0,0,0,24.8703688,0,0,0,0,0,0,0,0,0,0,0,0,0,16.82042102,0,0,0,35.28315047,0,0,0,0,26.7617808,0,0,0,0,0,34.50755865,0,0,0,0,0,22.77555381,0,0,0,14.19529802,0,0,0,0,0
"17","ANAGLYCOLYSIS-PWY: glycolysis III (from glucose)",0,0,0,38.56925399,0,27.56370752,0,151.8430453,0,0,0,84.50453734,0,0,0,0,0,0,0,0,0,0,18.07512611,0,0,34.52670726,0,0,0,71.71679697,0,0,0,17.65642233,57.38116041,0,0,0,0,0,61.14817815,0,0,0,0,0,40.63831251,0,0,0,18.79592741,48.00101581,0,0,0,0
"19","ARG+POLYAMINE-SYN: superpathway of arginine and polyamine biosynthesis",0,0,0,0,0,18.08326148,0,0,0,0,0,0,0,0,0,0,0,0,0,0,0,0,0,0,0,0,0,0,0,0,0,0,0,0,0,0,0,0,0,0,0,0,0,0,0,0,0,0,0,0,0,0,0,0,0,0
"21","ARGININE-SYN4-PWY: L-ornithine biosynthesis II",0,0,0,0,0,9.799279885,0,87.95199253,0,0,0,69.39653904,0,0,19.37191537,0,0,0,0,0,0,0,13.35016275,0,0,0,0,0,0,0,0,0,0,0,0,0,0,0,0,0,43.1065192,0,0,6.864895739,0,0,19.2191626,0,0,0,13.22021012,0,16.00222983,0,4.091661032,0
"24","ARGSYN-PWY: L-arginine biosynthesis I (via L-ornithine)",0,6.592614662,79.45043767,41.36063123,0,105.1332382,0,207.3880051,0,0,0,465.2313773,0,0,16.28538577,0,0,0,0,0,0,0,0,0,9.20364269,26.06055589,0,0,0,57.23243252,0,0,0,27.90213314,82.59862863,0,0,0,0,0,76.24712289,0,0,0,0,8.75878338,55.56613625,0,0,0,23.75898328,637.2512931,29.86242743,11.03315303,0,0
"28","ARGSYNBSUB-PWY: L-arginine biosynthesis II (acetyl cycle)",0,5.765076063,65.15762479,30.07310555,0,91.27607262,0,180.8216043,0,0,0,87.74854771,0,0,16.20104058,7.676029698,0,0,0,0,0,0,0,0,0,25.48199758,0,0,0,47.72355862,0,0,0,24.84811254,78.71935221,0,0,0,0,0,72.22377685,0,0,0,0,0,52.55667379,0,0,0,0,146.1329407,31.68317057,11.97664355,0,0
"31","ARO-PWY: chorismate biosynthesis I",0,10.37322384,70.86975878,47.53429647,0,76.43027072,0,132.7052179,0,6.224126727,0,191.8528583,0,0,14.57280597,0,0,0,7.753756992,0,0,0,24.28930813,0,0,20.35769768,0,0,0,43.02184067,0,0,0,13.36589728,48.3672022,0,0,0,0,0,45.66761522,0,0,0,0,0,9.166820988,0,0,0,14.53013226,120.4137281,34.41272926,3.276669669,0,0
"34","ASPASN-PWY: superpathway of L-aspartate and L-asparagine biosynthesis",0,0,9.311735617,12.43458616,0,17.24715076,0,6.54646739,0,0,0,0,0,0,0,0,0,0,0,0,0,0,0,0,0,3.481645994,0,0,0,0,0,0,0,0,0,0,0,0,0,0,20.95841412,0,0,0,0,0,9.177835149,0,0,0,0,0,20.97069632,0,0,0
"36","AST-PWY: L-arginine degradation II (AST pathway)",0,0,0,0,0,5.783885665,0,0,0,0,0,0,0,0,0,0,0,0,0,0,0,0,0,0,0,0,0,0,0,0,0,0,0,0,0,0,0,0,0,0,0,0,0,0,0,0,6.237224433,0,0,0,0,0,0,0,0,0
"38","BIOTIN-BIOSYNTHESIS-PWY: biotin biosynthesis I",0,0,24.76162391,0,0,15.60641217,0,16.77411079,0,0,0,0,0,0,0,0,0,0,0,0,0,0,0,0,0,0,0,0,0,0,0,0,0,0,0,0,0,0,0,0,0,0,0,0,0,0,0,0,0,0,16.07718146,61.84383717,0,0,0,0
"40","BRANCHED-CHAIN-AA-SYN-PWY: superpathway of branched chain amino acid biosynthesis",16.860487,0,119.1366579,57.64355724,0,111.6999991,0,233.199878,0,13.22826009,0,1071.638745,0,11.11288257,13.61552184,14.60373176,9.199209405,0,11.18498161,0,0,0,107.7896054,6.529041734,0,42.19760614,0,0,24.69605114,76.69201873,9.295979101,0,0,33.00326751,87.99454611,0,0,0,0,0,169.749518,0,0,20.638481,0,0,125.4416822,0,0,0,49.82439962,1133.549556,45.63037222,12.69357834,0,0
"44","CALVIN-PWY: Calvin-Benson-Bassham cycle",11.23017044,10.15937954,78.97326726,57.28797403,0,60.95643969,0,241.3816778,0,8.213775219,0,256.3756003,10.52561811,0,12.05858835,0,0,0,0,0,0,0,68.83381018,0,0,37.81720232,0,0,0,66.00295917,0,0,0,21.58151247,33.77507327,0,0,0,0,0,104.3658569,0,0,21.29375111,5.968445799,0,66.55443648,0,0,0,10.14445083,161.3252415,38.19935517,16.53800539,0,0
"47","CATECHOL-ORTHO-CLEAVAGE-PWY: catechol degradation to &beta;-ketoadipate",0,0,0,8.65389967,0,0,0,0,0,0,0,0,0,0,0,0,0,0,0,0,0,0,0,0,0,0,0,0,0,0,0,0,0,0,0,0,0,0,0,0,13.30946938,0,0,0,0,0,0,0,0,0,5.884343411,6.467458857,20.25044025,0,0,0
"49","CENTFERM-PWY: pyruvate fermentation to butanoate",0,0,0,0,0,0,0,13.67092142,0,0,0,0,0,0,0,0,0,0,0,0,0,0,0,0,0,0,0,0,0,0,0,0,0,0,0,0,0,0,0,0,0,0,0,0,0,0,0,0,0,0,0,0,0,0,0,0
"51","CHLOROPHYLL-SYN: 3,8-divinyl-chlorophyllide a biosynthesis I (aerobic, light-dependent)",0,0,0,0,0,0,0,0,0,0,0,20.12305185,0,0,0,0,0,0,0,0,0,0,0,0,0,34.85927625,0,0,0,98.78245421,0,0,0,31.4161033,67.24132632,0,0,0,0,0,0,0,0,0,0,0,0,0,0,0,0,9.678608045,0,0,0,0
"53","CITRULBIO-PWY: L-citrulline biosynthesis",0,6.323171998,30.64690815,0,0,41.7130436,0,120.2678138,0,0,0,15.12460119,0,0,14.66533105,0,0,0,0,0,0,0,0,0,0,17.71547324,0,0,0,31.17503291,0,0,0,7.09886156,23.40164299,0,0,0,0,0,46.86215164,0,0,0,0,0,28.00181629,0,0,0,14.07552644,0,33.81838426,0,0,0
"56","COA-PWY-1: superpathway of coenzyme A biosynthesis III (mammals)",0,0,15.78681209,12.2567864,0,12.4972784,0,95.5626433,0,0,0,140.305102,0,0,0,0,0,0,0,0,10.10441886,0,24.13235555,0,0,0,0,0,0,0,0,0,0,0,0,0,0,0,0,0,62.95029614,0,0,0,0,0,24.54921836,0,0,0,15.4642156,17.88732664,19.6051189,10.05032438,0,0
"60","COA-PWY: coenzyme A biosynthesis I (prokaryotic)",5.034501575,7.126615752,50.43739002,38.61927438,0,88.74854754,0,195.6977773,0,7.44283275,0,307.2662769,0,0,0,0,0,0,0,4.223100036,14.62298356,0,24.47180589,0,0,15.80820123,0,0,3.381129431,56.61248359,0,0,0,13.09060865,41.24205497,0,0,0,0,0,86.1376211,0,0,9.146420124,0,0,40.90517003,0,4.309587039,0,25.98129051,282.2792946,29.21357218,17.46816122,12.21994895,0
"64","COBALSYN-PWY: superpathway of adenosylcobalamin salvage from cobinamide I",0,0,0,12.71878167,0,0,0,24.01417718,0,0,0,35.40799284,0,0,0,0,0,0,0,0,0,0,0,0,0,0,0,0,0,0,0,0,0,0,0,0,0,0,0,0,0,0,0,0,0,0,0,0,0,0,0,31.71338782,0,0,0,0
"66","COLANSYN-PWY: colanic acid building blocks biosynthesis",0,0,12.69624091,0,0,14.35450963,0,44.29146584,0,0,0,27.20080092,0,0,0,0,0,0,0,0,0,0,0,0,0,0,0,0,0,0,0,0,0,0,0,0,0,0,0,0,38.25998476,0,0,0,0,0,17.59469803,0,0,0,0,49.22876035,0,0,0,0
"68","COMPLETE-ARO-PWY: superpathway of aromatic amino acid biosynthesis",0,9.817836119,74.86042343,51.25695666,0,81.39192967,0,117.1332941,0,0,0,166.7463109,0,0,13.16929685,0,0,0,0,0,0,0,26.91437843,0,0,19.56688107,0,0,0,43.11667092,0,0,0,0,46.44524092,0,0,0,0,0,38.82432101,0,0,0,0,0,0,0,0,0,15.13412927,123.7242238,0,0,0,0
"70","CRNFORCAT-PWY: creatinine degradation I",0,0,9.955835827,0,0,0,0,62.82649694,0,6.477892277,0,0,0,0,0,0,0,0,0,0,0,0,0,0,0,0,0,0,0,0,0,0,0,0,0,0,0,0,0,0,28.4595289,0,0,0,0,0,19.07523889,0,0,0,8.876182407,23.01277488,0,0,0,0
"72","DAPLYSINESYN-PWY: L-lysine biosynthesis I",0,10.82034348,65.82069448,27.65607321,0,56.3863417,0,75.16437308,0,0,0,114.8014022,0,0,12.88727319,0,0,0,0,0,0,0,0,0,0,16.50986432,0,0,0,29.50714712,0,0,0,0,29.31694624,0,0,0,0,0,62.20059676,0,0,0,0,0,24.29819263,0,0,0,10.34237164,116.8314035,32.41704621,0,0,0
"75","DARABCATK12-PWY: D-arabinose degradation I",0,0,0,0,0,0,0,6.253913257,0,0,0,0,0,0,0,0,0,0,0,0,0,0,0,0,0,0,0,0,0,0,0,0,0,0,0,0,0,0,0,0,0,0,0,0,0,0,0,0,0,0,0,0,0,0,0,0
"77","DTDPRHAMSYN-PWY: dTDP-&beta;-L-rhamnose biosynthesis",0,10.52352526,47.61660471,26.36202206,0,76.14497131,0,94.96067059,2.924266844,3.491395486,0,14.27227986,0,0,8.027735672,0,0,0,0,0,0,0,16.4736002,0,0,8.01613206,0,0,0,55.70292402,0,0,0,14.68890711,79.42991929,0,0,0,0,0,99.32471605,0,0,9.783629197,0,0,49.69029689,0,0,0,17.41987797,6.127939026,0,0,0,0
"79","FAO-PWY: fatty acid &beta;-oxidation I (generic)",0,8.638476086,34.8527692,27.52998065,0,77.84830013,0,39.8930324,10.79770818,0,8.165517803,0,0,0,17.43616893,5.390844784,0,0,0,0,0,0,0,0,0,0,0,0,0,0,0,8.625377825,0,0,0,0,0,0,0,0,39.42512246,0,0,5.002478998,0,0,98.18975764,0,0,0,12.54746961,0,14.76301353,21.6075547,0,0
"82","FASYN-ELONG-PWY: fatty acid elongation -- saturated",0,4.974817581,83.01421658,52.63750356,8.660044824,85.56175533,0,321.0430955,0,13.38298507,0,483.2829471,0,7.088301799,15.65541537,0,5.388138258,0,0,0,17.83905434,0,87.00641801,0,8.690248162,23.71530539,0,0,0,71.85796469,11.13743085,0,0,25.81289618,60.29834672,0,0,0,0,0,178.7707516,0,0,0,0,0,125.3166281,0,0,0,34.31502909,506.3179494,42.66363128,24.88756031,23.17994344,0
"86","FERMENTATION-PWY: mixed acid fermentation",0,24.56002247,161.7996178,80.20436814,0,51.01198223,0,115.7444825,0,8.805681496,11.89744633,81.25240543,0,0,16.52806453,0,0,0,0,0,7.468495419,0,0,10.75638157,0,22.77842901,0,0,0,0,0,0,0,28.83262489,0,0,0,0,0,0,78.35646004,0,0,0,0,0,29.83210375,9.658193473,0,0,15.10778229,64.59219681,27.00850882,12.87089281,0,0
"88","FUCCAT-PWY: fucose degradation",0,0,0,0,0,0,0,31.67961067,0,0,0,0,0,0,0,0,0,0,0,0,0,0,0,0,0,0,0,0,0,0,0,0,0,0,0,0,0,0,0,0,0,0,0,0,0,0,18.46689674,0,0,0,0,0,0,0,0,0
"90","GALACTARDEG-PWY: D-galactarate degradation I",0,0,0,0,0,0,0,0,0,0,0,6.866311137,0,0,0,0,0,0,0,0,0,0,0,0,0,0,0,0,0,0,0,0,0,0,0,0,0,0,0,0,0,0,0,0,0,0,0,0,0,0,0,0,0,0,0,0
"92","GALACTUROCAT-PWY: D-galacturonate degradation I",0,0,0,0,0,0,0,7.402643809,0,0,0,0,0,0,0,0,0,0,0,0,0,0,0,0,0,0,0,0,0,0,0,0,0,0,0,0,0,0,0,0,18.54467156,0,0,0,0,0,0,0,0,0,0,0,0,0,0,0
"94","GALLATE-DEGRADATION-I-PWY: gallate degradation II",0,0,0,7.820096442,0,22.18028895,0,0,0,0,0,9.656343886,0,0,0,0,0,0,0,0,0,0,0,0,0,0,0,0,0,0,0,0,0,0,0,0,0,0,0,0,0,0,0,0,0,0,0,0,0,0,0,0,0,0,0,0
"96","GALLATE-DEGRADATION-II-PWY: gallate degradation I",0,0,23.52995504,8.430475848,0,33.47910851,0,0,0,0,0,0,0,0,0,0,0,0,0,0,0,0,0,0,0,0,0,0,0,0,0,0,0,0,0,0,0,0,0,0,0,0,0,0,0,0,0,0,0,0,0,0,0,0,0,0
"98","GLCMANNANAUT-PWY: superpathway of N-acetylglucosamine, N-acetylmannosamine and N-acetylneuraminate degradation",0,0,0,0,0,4.170924216,0,0,0,0,0,0,0,0,0,0,0,0,0,0,0,0,0,0,0,0,0,0,0,0,0,0,0,0,0,0,0,0,0,0,0,0,0,0,0,0,0,0,0,0,0,0,0,0,0,0
"100","GLUCARDEG-PWY: D-glucarate degradation I",0,0,0,0,0,0,0,4.139936443,0,0,0,6.866311137,0,0,0,0,0,0,0,0,0,0,0,0,0,0,0,0,0,0,0,0,0,0,0,0,0,0,0,0,0,0,0,0,0,0,0,0,0,0,0,0,0,0,0,0
"102","GLUCARGALACTSUPER-PWY: superpathway of D-glucarate and D-galactarate degradation",0,0,0,0,0,0,0,0,0,0,0,6.866311137,0,0,0,0,0,0,0,0,0,0,0,0,0,0,0,0,0,0,0,0,0,0,0,0,0,0,0,0,0,0,0,0,0,0,0,0,0,0,0,0,0,0,0,0
"104","GLUCONEO-PWY: gluconeogenesis I",0,0,0,49.31536479,0,48.84593913,0,170.1489411,0,0,0,100.3284948,0,0,10.30886872,8.257487758,0,0,0,0,0,0,0,0,0,11.33334745,0,0,0,43.15422784,0,0,0,0,45.5944681,0,0,0,0,0,116.8080785,0,0,9.080985441,0,0,37.5405858,0,0,0,31.18167659,0,26.48666232,20.35960838,0,0
"107","GLUCOSE1PMETAB-PWY: glucose and glucose-1-phosphate degradation",0,0,0,20.67581449,0,0,0,25.35266821,0,0,0,0,0,0,0,0,0,0,0,0,0,0,0,0,0,0,0,0,0,0,0,0,0,4.901960784,5.494505495,0,0,0,0,0,0,0,0,0,0,0,19.53146247,0,0,0,15.02312134,4.616817821,35.44982441,0,0,0
"109","GLUDEG-I-PWY: GABA shunt",0,0,0,0,0,4.075747122,0,7.397391801,0,0,0,0,0,0,0,0,0,0,0,0,0,0,0,0,0,0,0,0,0,0,0,0,0,0,0,0,0,0,0,0,18.12286115,0,0,0,0,0,0,0,0,0,9.281215966,8.643751084,0,0,0,0
"111","GLUTORN-PWY: L-ornithine biosynthesis I",0,3.694459914,67.03840646,18.95766699,0,72.76308315,0,141.63271,0,5.577573836,0,465.6065663,5.086313101,0,15.79382416,8.222948207,0,0,0,0,0,0,33.9419479,0,4.717247691,15.64720347,0,0,7.129037483,32.12557862,6.16585894,0,0,21.19988138,54.30046674,0,0,0,0,0,51.10313068,0,0,0,0,9.813783385,44.29018761,0,0,0,19.72314625,639.3700726,34.09477829,11.95936963,5.772511467,0
"115","GLYCOCAT-PWY: glycogen degradation I",0,0,0,0,0,0,0,0,0,0,0,0,0,0,0,0,0,0,0,0,0,0,0,0,0,0,0,0,0,0,0,0,0,0,0,0,0,0,0,0,16.25771198,0,0,0,0,0,0,0,0,0,0,12.13399759,0,0,0,0
"117","GLYCOGENSYNTH-PWY: glycogen biosynthesis I (from ADP-D-Glucose)",0,0,0,5.358344926,0,6.901022131,0,39.48422174,0,0,0,22.14948979,0,0,0,0,0,0,0,0,4.992473308,0,0,0,0,21.21778245,0,0,0,70.32448079,0,0,0,37.86738403,73.30424884,0,0,0,0,0,26.65216376,0,0,5.72203664,0,0,16.44576916,0,0,0,0,5.960476777,29.40967286,0,0,0
"120","GLYCOLYSIS-E-D: superpathway of glycolysis and the Entner-Doudoroff pathway",0,0,0,0,0,25.14369988,0,53.40547086,0,0,0,48.55229169,0,0,0,0,0,0,0,0,0,0,0,0,0,0,0,0,0,31.19687555,0,0,0,0,0,0,0,0,0,0,43.96098199,0,0,0,0,0,27.64508585,0,0,0,0,0,0,0,0,0
"122","GLYCOLYSIS: glycolysis I (from glucose 6-phosphate)",0,0,59.90543626,38.31999717,0,58.40740066,0,153.390755,0,7.3807984,0,86.64882458,0,0,0,0,0,0,0,0,0,0,0,0,0,23.28027763,0,0,0,70.62896067,0,7.567485149,0,0,45.87110338,0,0,0,0,0,61.07328239,0,0,0,0,0,43.18322238,0,0,0,22.96241632,0,0,10.86465153,0,0
"124","GLYOXYLATE-BYPASS: glyoxylate cycle",7.95486328,20.17144252,108.3327362,61.19765145,0,113.8398001,0,165.0831929,8.499591719,18.14132169,13.92693734,471.6696653,9.722707062,0,17.54180004,0,0,0,38.76464688,8.475551508,21.47736143,0,43.13677202,13.45904983,6.238490199,10.51104513,0,7.593820446,0,0,18.76627576,10.71669802,0,8.716842327,0,0,0,0,0,0,134.8872321,0,4.629157348,17.67340283,13.95891246,17.52549343,94.86894882,6.333518042,12.93185038,0,42.35032838,432.3534091,30.2576113,16.34213751,7.357496156,0
"128","HEME-BIOSYNTHESIS-II-1: heme b biosynthesis V (aerobic)",8.756444608,7.399950355,112.4210707,67.91509372,3.896487684,79.74628443,0,211.7382887,0,0,5.407073767,51.15439034,7.864682901,0,0,0,0,0,28.29642556,0,0,0,0,0,0,26.02008061,0,0,0,58.9612441,0,0,0,22.5357575,72.21487626,0,0,0,0,0,77.17774536,0,0,0,0,12.43350426,63.24435086,0,0,0,9.413078401,75.07355292,29.30534458,0,0,0
"131","HEME-BIOSYNTHESIS-II: heme b biosynthesis I (aerobic)",8.756444608,7.399950355,112.4210707,67.91509372,3.896487684,79.74628443,0,211.7382887,0,0,5.407073767,51.15439034,7.864682901,0,0,0,0,0,28.29642556,0,0,0,0,0,0,26.02008061,0,0,0,58.9612441,0,0,0,22.5357575,72.21487626,0,0,0,0,0,77.17774536,0,0,0,0,12.43350426,63.24435086,0,0,0,9.413078401,75.07355292,29.30534458,0,0,0
"135","HEMESYN2-PWY: heme b biosynthesis II (oxygen-independent)",0,7.291228315,0,7.827516482,0,35.96930581,0,85.64776883,0,0,0,13.928583,0,0,0,0,0,0,8.45926681,0,0,0,0,0,0,6.438725861,0,0,0,38.5267449,0,0,0,13.05723158,38.30147154,0,0,0,0,0,25.94020672,0,0,0,0,0,19.89036694,0,0,0,7.668304297,5.767821304,11.9516338,0,0,0
"138","HISDEG-PWY: L-histidine degradation I",0,0,16.92751215,21.33790977,0,24.17288497,0,88.3114546,0,0,0,36.58175126,0,0,7.3808595,0,0,0,0,0,0,0,0,0,0,22.7800029,0,0,0,24.47768732,0,0,0,5.146509212,15.64065012,0,0,0,0,0,14.84170842,0,0,0,0,0,25.96901626,6.174196704,0,0,6.369600386,46.67645786,17.35730642,0,16.83619221,0
"143","HISTSYN-PWY: L-histidine biosynthesis",6.828327734,0,21.95550187,28.57252062,0,71.53252828,0,196.1908487,0,0,0,424.6209456,0,0,18.36667719,0,0,0,0,0,13.62985066,0,42.85132933,0,0,0,0,0,0,26.35917872,9.218955248,0,0,0,0,0,0,0,0,0,94.00683267,0,0,5.959783664,0,0,44.61442263,0,0,0,14.94474116,362.5340731,17.50177817,0,0,0
"146","HOMOSER-METSYN-PWY: L-methionine biosynthesis I",0,0,31.85519886,10.5828597,0,31.6193924,0,56.08131103,0,0,0,0,0,0,10.33067792,0,0,0,0,0,0,0,0,0,0,0,0,0,0,0,0,0,0,0,0,0,0,0,0,0,0,0,0,0,0,0,20.34818404,0,0,0,0,0,0,0,0,0
"148","HSERMETANA-PWY: L-methionine biosynthesis III",9.458811598,16.28978177,32.52409936,32.08345383,4.395300586,77.13109371,0,179.663398,0,11.34001005,6.023827485,74.34877091,0,0,21.11739101,0,0,0,0,0,15.00951152,0,66.72793329,0,6.39312749,0,0,0,10.7915038,0,0,7.122296578,0,0,0,4.753228733,0,0,3.630229264,0,61.27641273,0,0,8.228646608,0,0,95.1360476,0,0,0,31.84127396,22.49749692,33.63694202,13.3350176,17.80342224,0
"152","ILEUSYN-PWY: L-isoleucine biosynthesis I (from threonine)",14.36940204,0,120.7260806,50.31209188,0,134.0893794,0,265.5312542,0,13.63704077,12.11251613,1206.819724,0,14.25422508,14.68617077,16.10138666,9.135093108,0,9.249181842,0,0,0,124.6838314,6.585226881,8.46081539,48.76836221,0,0,28.8806163,87.37284303,12.86769578,7.045924469,0,40.49073203,115.8357182,0,0,0,0,0,182.156541,0,0,28.69753113,7.494087691,11.78699031,126.8447626,0,0,0,49.85874786,1394.065003,47.46625949,13.47603655,12.48059852,0
"156","LEU-DEG2-PWY: L-leucine degradation I",0,0,0,0,0,9.420985693,0,27.16700443,0,0,0,0,0,0,0,0,0,0,0,0,0,0,0,0,0,0,0,0,0,0,0,0,0,0,0,0,0,0,0,0,13.69669662,0,0,0,0,0,0,0,0,0,0,0,0,0,0,0
"158","MET-SAM-PWY: superpathway of S-adenosyl-L-methionine biosynthesis",0,0,28.48201937,10.0700545,0,42.9193601,0,82.75036565,0,0,0,0,0,0,10.42032466,0,0,0,0,0,0,0,0,0,0,0,0,0,0,0,0,0,0,0,0,0,0,0,0,0,0,0,0,0,0,0,31.61100253,0,0,0,0,0,0,0,0,0
"160","METHGLYUT-PWY: superpathway of methylglyoxal degradation",0,0,9.069679799,0,0,0,0,0,0,0,0,0,0,0,0,0,0,0,0,0,0,0,0,0,0,0,0,0,0,0,0,0,0,0,0,0,0,0,0,0,0,0,0,0,0,0,0,0,0,0,0,0,0,0,0,0
"162","METHYLGALLATE-DEGRADATION-PWY: methylgallate degradation",0,0,0,8.062048775,0,22.9095289,0,0,0,0,0,12.02409332,0,0,0,0,0,0,0,0,0,0,0,0,0,0,0,0,0,0,0,0,0,0,0,0,0,0,0,0,0,0,0,0,0,0,0,0,0,0,0,0,0,0,0,0
"164","METSYN-PWY: superpathway of L-homoserine and L-methionine biosynthesis",0,0,28.20883031,10.51903214,0,39.9162376,0,76.24260824,0,0,0,0,0,0,11.62316272,0,0,0,0,0,0,0,0,0,0,0,0,0,0,0,0,0,0,0,0,0,0,0,0,0,0,0,0,0,0,0,28.7777744,0,0,0,0,0,0,0,0,0
"166","NAGLIPASYN-PWY: lipid IVA biosynthesis (E. coli)",0,0,18.75952871,0,0,9.550192742,0,31.93531541,0,0,0,4.553693561,0,0,12.5564182,0,0,0,0,0,0,0,0,0,0,0,0,0,0,0,0,0,0,0,0,0,0,0,0,0,0,0,0,0,0,0,17.54636635,0,0,0,0,0,0,0,0,0
"169","NONMEVIPP-PWY: methylerythritol phosphate pathway I",0,0,54.83493484,31.55868203,0,55.26134392,0,56.82776601,0,0,0,76.00964799,0,0,9.62026541,0,0,0,0,0,0,0,0,0,0,20.27422976,0,0,0,22.73009768,0,0,0,22.06218382,54.5041773,0,0,0,0,0,41.94924945,0,0,0,0,0,20.98773054,0,0,0,8.207247245,42.81954701,0,0,0,0
"172","NONOXIPENT-PWY: pentose phosphate pathway (non-oxidative branch) I",7.227243592,9.49019877,97.94812792,48.46967931,5.371189825,95.23930662,0,176.9099493,0,9.065612125,0,780.4706909,0,0,18.81345744,0,0,0,8.028937255,0,8.582953725,0,101.4739178,10.51560237,0,21.87132059,0,7.619067529,0,35.51309378,4.841419805,5.663558036,0,10.811188,13.73829771,5.774603283,0,0,0,0,127.6539233,0,0,18.63129156,9.037373361,0,83.40607674,0,0,0,63.68526756,612.8080429,29.1894495,0,0,0
"177","OANTIGEN-PWY: O-antigen building blocks biosynthesis (E. coli)",0,9.524640955,29.05387464,18.35722241,0,45.88047454,0,41.50208955,0,0,0,20.39949004,0,0,9.716604677,0,0,0,0,0,0,0,0,0,0,9.164627502,0,0,0,28.5331491,0,0,0,0,17.73873115,0,0,0,0,0,62.43679768,0,0,0,0,0,0,0,0,0,0,10.18501872,0,0,0,0
"179","P101-PWY: ectoine biosynthesis",0,0,0,0,0,4.358257131,0,0,0,0,0,0,0,0,0,0,0,0,0,0,0,0,0,0,0,0,0,0,0,0,0,0,0,0,0,0,0,0,0,0,0,0,0,0,0,0,0,0,0,0,0,0,0,0,0,0
"181","P105-PWY: TCA cycle IV (2-oxoglutarate decarboxylase)",0,17.3397301,68.66708796,42.88366653,0,35.44557777,0,141.6510718,0,6.190623247,5.711617313,251.0859606,0,0,12.92863038,0,0,0,0,0,0,0,41.00633737,10.25200974,4.895454576,17.77912022,0,0,0,0,0,10.92776538,0,14.059828,0,0,0,0,0,0,81.35610134,0,0,13.57982194,0,0,48.3763729,0,0,0,24.27074116,236.7315746,28.31173196,9.949802741,0,0
"183","P108-PWY: pyruvate fermentation to propanoate I",0,0,0,0,0,23.84046756,0,74.63253391,0,0,0,0,0,0,0,0,0,0,0,0,0,0,0,0,0,0,0,0,0,0,0,0,0,0,0,0,0,0,0,0,0,0,0,0,0,0,22.75628302,0,0,0,0,0,0,0,0,0
"185","P122-PWY: heterolactic fermentation",0,0,0,0,0,0,0,0,0,0,0,17.088177,0,0,0,0,0,0,0,0,0,0,0,0,0,0,0,0,0,0,0,0,0,0,0,0,0,0,0,0,0,0,0,0,0,0,0,0,0,0,0,8.628075927,0,0,0,0
"187","P124-PWY: Bifidobacterium shunt",0,0,0,0,0,0,0,0,0,0,0,21.96047137,0,0,0,0,0,0,0,0,0,0,0,0,0,21.758552,0,0,0,0,0,0,0,0,0,0,0,0,0,0,25.47127607,0,0,0,0,0,18.33087709,0,0,0,0,15.52160766,0,0,0,0
"189","P161-PWY: acetylene degradation (anaerobic)",0,0,18.3902925,8.109865111,0,48.89386168,0,13.71222868,0,0,0,24.85844803,0,0,6.913674073,0,0,0,0,0,0,0,0,0,0,0,0,0,0,0,0,0,0,0,0,0,0,0,0,0,29.55784096,0,0,0,0,0,24.69696941,0,0,0,0,3.81885666,0,0,0,0
"191","P184-PWY: protocatechuate degradation I (meta-cleavage pathway)",0,0,0,10.074248,0,25.53305793,0,0,0,0,0,0,0,0,0,0,0,0,0,0,0,0,0,0,0,0,0,0,0,0,0,0,0,0,0,0,0,0,0,0,0,0,0,0,0,0,0,0,0,0,0,0,0,0,0,0
"193","P185-PWY: formaldehyde assimilation III (dihydroxyacetone cycle)",0,0,0,0,0,0,0,13.8041829,0,0,0,0,0,0,0,0,0,0,0,0,0,0,0,0,0,0,0,0,0,0,0,0,0,0,0,0,0,0,0,0,30.67741187,0,0,0,0,0,16.35545358,0,0,0,0,0,0,0,0,0
"195","P221-PWY: octane oxidation",0,0,0,0,0,0,0,45.10471934,0,0,0,0,0,0,0,0,0,0,0,0,0,0,0,0,0,0,0,0,0,0,0,0,0,0,0,0,0,0,0,0,12.28206738,0,0,0,0,0,13.35468929,0,0,0,0,0,29.25731271,0,0,0
"198","P23-PWY: reductive TCA cycle I",0,0,0,0,0,0,0,86.73082959,0,0,0,0,0,0,0,0,0,0,0,0,0,0,0,0,0,0,0,0,0,0,0,0,0,0,0,0,0,0,0,0,0,0,0,0,0,0,0,0,0,0,0,0,0,0,0,0
"200","P4-PWY: superpathway of L-lysine, L-threonine and L-methionine biosynthesis I",0,0,39.04940555,13.4836044,0,48.29806396,0,0,0,0,0,0,0,0,9.63744696,0,0,0,0,0,0,0,0,0,0,0,0,0,0,0,0,0,0,0,0,0,0,0,0,0,0,0,0,0,0,0,0,0,0,0,0,0,0,0,0,0
"202","P41-PWY: pyruvate fermentation to acetate and (S)-lactate I",0,0,11.2344585,6.847623638,0,12.70746236,0,6.282076948,0,0,0,11.50632367,0,0,0,0,0,0,0,0,0,0,0,0,0,0,0,0,0,0,0,0,0,0,0,0,0,0,0,0,14.11833311,0,0,0,0,0,15.99005093,0,0,0,6.067742149,16.57158113,0,0,0,0
"204","P42-PWY: incomplete reductive TCA cycle",0,0,0,0,0,0,0,80.61569708,0,0,0,0,0,0,0,0,0,0,0,0,0,0,0,0,0,0,0,0,0,0,0,0,0,0,0,0,0,0,0,0,0,0,0,0,0,0,0,0,0,0,0,0,0,0,0,0
"206","P621-PWY: nylon-6 oligomer degradation",0,0,0,0,0,0,0,0,0,0,0,0,0,0,0,0,0,0,0,0,0,0,0,0,0,0,0,0,0,0,0,0,0,0,0,0,0,0,0,0,11.27714285,0,0,0,0,0,0,0,0,0,0,10.35663201,0,0,0,0
"208","PANTO-PWY: phosphopantothenate biosynthesis I",0,0,31.1218037,37.79849008,0,65.69287252,0,85.31364925,0,0,0,182.1590458,0,0,18.97934848,0,0,0,0,3.958332643,8.16040773,2.761333891,13.92316437,6.54423257,0,7.952507821,0,0,0,0,0,0,0,0,0,0,0,0,0,0,33.66766414,0,0,0,0,0,39.7469998,0,0,0,16.75584784,111.7481828,36.36455098,7.702101592,4.641911961,0
"212","PANTOSYN-PWY: superpathway of coenzyme A biosynthesis I (bacteria)",0,0,32.42465902,25.13926138,0,29.16914158,0,109.341521,0,0,0,102.6340816,0,0,0,0,0,0,0,0,10.16272535,0,13.24195845,0,0,11.3633604,0,0,0,0,0,0,0,0,0,0,0,0,0,0,41.99923742,0,0,0,0,0,34.43724848,0,0,0,19.04138939,23.60294991,25.14379989,8.627042246,0,0
"215","PENTOSE-P-PWY: pentose phosphate pathway",0,0,0,18.77430886,5.080235758,32.60512536,0,91.01539682,0,0,0,294.0572583,0,0,0,0,0,0,0,0,0,0,62.18103891,9.130220963,0,21.85267298,0,0,0,41.43290423,0,0,0,11.49792267,20.63927625,0,0,0,0,0,72.67876386,0,0,0,0,0,53.5167712,0,0,0,23.47314201,326.1170286,15.12860651,0,0,0
"217","PEPTIDOGLYCANSYN-PWY: peptidoglycan biosynthesis I (meso-diaminopimelate containing)",0,0,64.53808292,38.73867439,0,59.35382186,0,124.9483391,0,0,0,67.63948234,0,0,13.01022195,0,0,0,0,0,9.783748953,0,0,0,0,24.1591528,0,0,0,49.83947478,0,0,0,15.75818407,63.04282147,0,0,0,0,0,33.44002399,0,0,0,0,0,16.9304846,0,0,0,0,57.22018955,26.61828753,0,0,0
"221","PHOSLIPSYN-PWY: superpathway of phospholipid biosynthesis I (bacteria)",0,0,14.50622163,0,0,14.18310949,0,41.69759749,0,0,0,0,0,0,0,0,0,0,0,0,0,0,0,0,0,7.471294469,0,0,0,0,0,0,0,0,0,0,0,0,0,0,24.23155192,0,0,0,0,0,13.44389036,0,0,0,0,24.15233211,0,0,0,0
"223","PHOTOALL-PWY: oxygenic photosynthesis",8.767060603,4.371621003,0,0,0,0,0,183.8615059,0,0,0,218.6415549,0,0,0,0,0,0,0,0,0,0,31.21485459,0,0,21.85984251,0,0,0,45.89601329,0,0,0,8.316315527,15.28776566,0,0,0,0,0,12.24238953,0,0,0,0,0,0,0,0,0,14.14413795,207.5118754,0,0,0,0
"225","POLYAMSYN-PWY: superpathway of polyamine biosynthesis I",0,0,0,0,0,9.958555703,0,0,0,0,0,0,0,0,0,0,0,0,0,0,0,0,0,0,0,0,0,0,0,0,0,0,0,0,0,0,0,0,0,0,0,0,0,0,0,0,0,0,0,0,0,0,0,0,0,0
"227","POLYISOPRENSYN-PWY: polyisoprenoid biosynthesis (E. coli)",0,0,13.14695263,0,0,38.99722739,0,46.18499741,0,0,0,59.3901047,0,0,0,0,0,0,0,0,0,0,0,0,0,31.32600074,0,0,0,73.71715332,0,0,0,24.25937972,90.34306921,0,0,0,0,0,39.6396972,0,0,0,0,0,12.24394847,0,0,0,14.27129704,0,0,0,2.385162904,0
"229","PPGPPMET-PWY: ppGpp metabolism",0,0,0,0,0,8.748203698,0,119.0472263,0,0,0,57.65585886,0,0,0,0,0,0,0,0,10.57781101,0,0,0,0,16.87744909,0,0,12.10881645,44.15392025,0,0,0,16.00303909,52.44921144,0,0,0,0,0,48.77448488,0,0,0,0,0,26.85306286,0,0,0,0,0,0,0,0,0
"231","PROTOCATECHUATE-ORTHO-CLEAVAGE-PWY: protocatechuate degradation II (ortho-cleavage pathway)",0,0,0,0,0,0,0,0,0,0,0,0,0,0,0,0,0,0,0,0,0,0,0,0,0,0,0,0,0,0,0,0,0,0,0,0,0,0,0,0,0,0,0,0,0,0,0,0,0,0,0,0,30.83256989,0,0,0
"233","PWY-101: photosynthesis light reactions",12.10553787,5.812260247,9.936408422,5.513215932,7.754411374,21.33004528,0,202.1851153,0,0,0,446.588998,0,0,39.17100173,11.66406405,0,0,0,0,6.935689922,0,145.7761757,9.620716534,0,24.93359446,0,4.660303212,2.879216396,49.62295898,0,0,0,14.9425013,30.29523866,0,0,0,0,0,25.32377943,0,0,1.406360606,8.133383299,0,1.309881273,13.17714277,2.918581018,0,28.78676436,509.4730563,30.15534706,3.030723049,5.743718198,0
"235","PWY-1042: glycolysis IV",0,6.891705192,87.9513335,52.92694715,0,41.55494442,0,204.844886,0,13.2164522,6.305737983,76.20973861,6.420753099,0,0,10.30343958,0,0,30.03417356,0,26.15464641,0,36.04558066,6.316607765,16.95699494,48.19117436,0,0,7.77161895,78.32669003,16.64191013,5.51043161,0,19.99058725,74.12140929,0,0,0,0,0,83.07380605,0,0,21.17999016,6.225490358,19.99865982,87.85464873,0,0,0,56.78023559,41.99723685,0,12.06402482,0,0
"238","PWY-1269: CMP-3-deoxy-D-manno-octulosonate biosynthesis",0,6.422401096,20.93674519,8.951501679,0,16.06033248,0,98.58545557,0,0,0,0,0,0,10.58044109,0,0,0,0,0,0,0,10.84916271,0,0,0,0,0,0,0,0,0,0,0,0,0,0,0,0,0,8.876092012,0,0,6.710937984,0,0,14.97417388,0,0,0,14.39439466,0,0,0,0,0
"241","PWY-1361: benzoyl-CoA degradation I (aerobic)",0,0,0,0,0,0,0,0,0,0,0,0,0,0,0,0,0,0,0,0,0,0,0,0,0,0,0,0,0,0,0,0,0,0,0,0,0,0,0,0,0,0,0,0,0,0,0,0,0,0,0,0,29.88275178,0,0,0
"243","PWY-1622: formaldehyde assimilation I (serine pathway)",0,0,0,0,0,0,0,19.36960906,0,0,0,0,0,0,0,0,0,0,0,0,0,0,0,0,0,0,0,0,0,0,0,0,0,0,0,0,0,0,0,0,0,0,0,0,0,0,0,0,0,0,0,0,0,0,0,0
"245","PWY-1861: formaldehyde assimilation II (assimilatory RuMP Cycle)",0,0,19.19701945,0,0,28.9115409,0,0,0,0,0,0,0,0,0,0,0,0,0,0,0,0,0,0,0,0,0,0,0,0,0,0,0,0,0,0,0,0,0,0,0,0,0,0,0,0,0,0,0,0,0,13.95394022,0,0,0,0
"247","PWY-2221: Entner-Doudoroff pathway III (semi-phosphorylative)",0,0,0,0,0,0,0,26.08906583,0,0,0,0,0,0,0,0,0,0,0,0,0,0,0,0,0,0,0,0,0,0,0,0,0,0,0,0,0,0,0,0,0,0,0,0,0,0,0,0,0,0,0,0,0,0,0,0
"249","PWY-241: C4 photosynthetic carbon assimilation cycle, NADP-ME type",0,14.20364327,78.98961964,61.1528709,0,87.1214024,0,121.1672116,5.48972754,7.222339232,0,57.40464452,0,0,14.24746505,0,0,0,0,0,8.248375033,0,0,0,0,14.30263668,0,0,0,0,0,0,0,0,9.504413139,0,0,0,0,0,34.64419808,0,0,0,0,0,16.6884982,0,0,0,0,19.12292758,23.50976139,0,0,0
"252","PWY-2941: L-lysine biosynthesis II",0,0,24.49807248,0,0,0,0,40.72112662,0,0,0,34.17015511,0,0,0,0,0,0,0,0,0,0,0,0,0,0,0,0,0,0,0,0,0,0,27.24731375,0,0,0,0,0,25.76386923,0,0,0,0,0,30.53246514,0,0,0,0,0,0,0,0,0
"254","PWY-3001: superpathway of L-isoleucine biosynthesis I",8.761602626,0,51.91811233,17.32430714,0,78.48878183,0,180.697437,0,0,0,175.7027088,0,0,11.47691338,0,0,0,0,0,0,0,22.09003883,0,6.184759665,15.57191934,0,0,0,72.67508056,0,0,0,20.01321543,48.9033053,0,0,0,0,0,84.52329517,0,0,12.37234712,0,0,73.60625839,0,0,0,0,140.1989308,28.6843083,0,0,0
"256","PWY-3661: glycine betaine degradation I",0,0,0,0,0,0,0,31.63010688,0,0,0,0,0,0,0,0,0,0,0,0,0,0,0,0,0,0,0,0,0,0,0,0,0,0,0,0,0,0,0,0,0,0,0,0,0,0,0,0,0,0,0,0,0,0,0,0
"258","PWY-3781: aerobic respiration I (cytochrome c)",0,7.907161122,19.94829802,0,0,35.39789749,0,155.3322726,0,4.086061339,0,362.4972791,0,0,16.22996476,0,0,0,0,0,0,0,49.76041397,0,0,0,0,0,0,0,0,0,0,0,0,0,0,0,0,0,66.3972165,0,0,8.470712375,0,0,18.66139001,0,0,0,9.97433986,572.7647944,52.93236627,6.813331045,0,0
"261","PWY-3841: folate transformations II (plants)",13.1513197,24.15413689,211.3071959,99.12476075,15.59313206,90.70586805,0,352.9969555,0,0,6.720763552,366.5033513,0,7.868571689,23.13892791,0,0,0,54.22178861,0,30.53863156,4.889311808,141.081351,0,7.877748763,20.76720006,0,10.00787315,0,23.88313487,0,0,0,0,0,0,0,0,0,0,179.6721615,0,0,22.33384712,74.25098534,52.75059264,99.8242087,6.140194465,7.31106982,0,80.31029567,487.6005909,49.12936654,10.86251467,26.39315207,0
"265","PWY-4041: &gamma;-glutamyl cycle",0,0,0,0,0,3.55429599,0,0,0,0,0,0,0,0,9.73821473,0,0,0,0,0,0,0,0,0,0,0,0,0,0,0,0,0,0,0,0,0,0,0,0,0,0,0,0,0,0,0,0,0,0,0,0,0,0,0,0,0
"268","PWY-4702: phytate degradation I",0,0,0,0,0,0,0,9.190276608,0,0,0,0,0,0,0,0,0,0,0,0,0,0,0,0,0,0,0,0,0,0,0,0,0,0,0,0,0,0,0,0,0,0,0,0,0,0,0,0,0,0,0,0,0,0,0,0
"270","PWY-4722: creatinine degradation II",0,0,0,0,0,0,0,10.47000803,0,0,0,0,0,0,0,0,0,0,0,0,0,0,0,0,0,0,0,0,0,0,0,0,0,0,0,0,0,0,0,0,0,0,0,0,0,0,0,0,0,0,0,0,0,0,0,0
"272","PWY-4984: urea cycle",0,5.027120343,38.54406963,0,0,41.84859789,0,0,0,0,0,0,0,0,12.06162729,0,0,0,0,0,9.198326755,0,0,0,0,18.86281292,0,0,0,30.28390804,0,0,0,6.423486614,21.1617623,0,0,0,0,0,33.28180125,0,0,0,0,0,0,0,0,0,17.11015599,0,26.12667537,0,0,0
"275","PWY-5004: superpathway of L-citrulline metabolism",0,0,0,0,0,13.56016024,0,0,0,0,0,0,0,0,0,0,0,0,0,0,0,0,0,0,0,0,0,0,0,0,0,0,0,0,0,0,0,0,0,0,0,0,0,0,0,0,0,0,0,0,0,0,0,0,0,0
"277","PWY-5005: biotin biosynthesis II",0,0,7.160006767,7.817343155,0,0,0,0,0,0,0,0,0,0,0,0,0,0,0,0,0,0,0,0,0,0,0,0,0,0,0,0,0,0,0,0,0,0,0,0,0,0,0,0,0,0,0,0,0,0,0,0,0,0,0,0
"279","PWY-5028: L-histidine degradation II",0,0,0,11.38389854,0,0,0,82.20788262,0,0,0,34.63592752,0,0,0,0,0,0,0,0,0,0,0,0,0,0,0,0,0,0,0,0,0,0,0,0,0,0,0,0,0,0,0,0,0,0,22.2852492,0,0,0,0,43.6771146,0,0,0,0
"282","PWY-5097: L-lysine biosynthesis VI",0,4.751109475,72.2879186,30.08390321,0,53.84079132,0,139.9510605,0,0,0,106.1872711,0,0,11.31667513,0,0,0,17.52316033,0,0,0,14.95028194,0,0,24.15645728,0,0,0,49.84429048,7.378486729,0,0,12.43924524,35.49738692,0,0,0,0,0,68.66425967,0,0,4.620667435,0,8.215074182,56.13413437,0,0,0,23.03091915,103.8611968,33.45542359,0,0,0
"285","PWY-5100: pyruvate fermentation to acetate and lactate II",0,0,5.47811192,6.847623638,0,12.70746236,0,64.16164567,0,0,5.504179607,16.87896108,0,0,0,0,0,0,0,0,0,0,0,0,0,0,0,0,0,0,0,0,0,0,0,0,0,0,0,0,0,0,0,0,0,0,0,0,0,0,6.067742149,16.57158113,0,0,0,0
"287","PWY-5103: L-isoleucine biosynthesis III",11.83798843,0,107.1798721,43.18174033,0,113.5473129,0,246.0928343,0,12.89041158,10.21537022,1095.292137,0,13.47212843,11.47872258,12.53641234,8.001640823,0,7.241437057,0,0,0,113.3468326,5.420522946,7.175993085,41.30508531,0,0,26.2555803,79.3460975,10.89891214,6.371828807,0,36.58712952,103.0655054,0,0,0,0,0,166.758977,0,0,25.40889288,6.52170999,10.41137454,120.0584931,0,0,0,41.67811503,1247.084504,37.96969379,10.76617812,11.65263136,0
"291","PWY-5121: superpathway of geranylgeranyl diphosphate biosynthesis II (via MEP)",0,0,19.79603104,0,0,44.62132622,0,45.6288699,0,0,0,64.95161906,0,0,9.413639916,0,0,0,0,0,0,0,0,0,0,23.20005435,0,0,0,30.35107793,0,0,0,22.00908054,63.47036304,0,0,0,0,0,38.81962063,0,0,0,0,0,19.62946994,0,0,0,9.424745988,11.19493323,0,0,0,0
"293","PWY-5130: 2-oxobutanoate degradation I",0,0,8.612938372,0,0,0,0,0,0,0,0,51.7995738,0,0,0,0,0,0,0,0,0,0,0,0,0,0,0,0,0,0,0,0,0,0,0,0,0,0,0,0,11.34863756,0,0,0,0,0,0,0,0,0,0,0,0,0,0,0
"295","PWY-5136: fatty acid &beta;-oxidation II (plant peroxisome)",0,7.660081839,33.61566711,26.76203348,0,81.25129039,0,107.7873018,12.60298157,11.43074635,8.439395543,0,0,0,24.34019153,0,0,0,0,0,0,0,0,0,0,5.254314568,0,0,0,0,0,8.901935141,0,0,0,0,0,0,0,0,87.10717846,0,0,0,0,0,127.7903763,0,0,0,26.46995546,31.877794,49.52289898,24.54626529,17.53075246,0
"299","PWY-5138: fatty acid &beta;-oxidation IV (unsaturated, even number)",0,0,0,0,0,61.01823468,0,0,0,0,9.383594441,0,0,0,13.2964127,7.547223934,0,0,0,0,0,0,0,0,0,0,0,0,0,0,0,0,0,0,0,0,0,0,0,0,12.62565869,0,0,7.95528065,0,0,78.38203703,0,0,0,6.580523065,0,0,21.55072071,0,0
"302","PWY-5154: L-arginine biosynthesis III (via N-acetyl-L-citrulline)",0,4.335018628,53.8450569,14.95556827,0,62.60891903,0,134.0415958,0,0,0,88.15859122,0,0,16.73216123,0,0,0,0,0,0,0,0,0,0,0,0,0,0,0,0,0,0,0,0,0,0,0,0,0,50.04198058,0,0,0,0,9.731110663,39.85335143,0,0,0,0,147.8487286,28.89187028,10.34187796,0,0
"305","PWY-5180: toluene degradation I (aerobic) (via o-cresol)",0,0,0,0,0,37.63159716,0,0,0,0,0,0,0,0,0,0,0,0,0,0,0,0,0,0,0,0,0,0,0,0,0,0,0,0,0,0,0,0,0,0,0,0,0,0,0,0,0,0,0,0,0,0,0,0,0,0
"307","PWY-5188: tetrapyrrole biosynthesis I (from glutamate)",0,0,53.73904654,38.01615566,0,33.30569275,0,200.2064199,0,0,0,45.39841237,0,0,7.600820415,0,0,0,0,0,0,0,8.928654808,0,0,20.47896008,0,0,0,35.85819355,5.244186019,0,0,0,25.93382293,0,0,0,0,0,38.27841051,0,0,0,0,4.808310551,39.75634301,0,0,0,5.3482164,12.39351027,13.55071924,0,0,0
"310","PWY-5189: tetrapyrrole biosynthesis II (from glycine)",0,0,57.29580696,41.32613042,0,50.448045,0,153.7691498,0,10.33994726,0,50.83337235,0,4.819277108,12.31084685,0,0,0,0,0,0,0,13.89253642,0,3.246822002,0,0,0,6.127182356,0,6.252090152,0,0,0,0,0,0,0,0,0,106.5266372,0,0,0,0,0,30.48490366,0,10.66822354,0,8.941386423,14.83585013,27.05881027,0,0,0
"313","PWY-5209: methyl-coenzyme M oxidation to CO2",0,0,20.17326081,8.471458831,0,0,0,13.16870512,0,0,0,0,0,0,0,0,6.652271196,0,15.78848344,0,0,0,0,0,0,0,0,0,0,0,0,0,0,0,0,0,0,0,0,0,0,0,0,0,0,10.6322337,0,0,0,0,0,0,0,0,0,0
"315","PWY-5345: superpathway of L-methionine biosynthesis (by sulfhydrylation)",0,8.012588443,27.29998348,13.43491443,0,63.89880582,0,110.0949207,0,0,0,72.23523587,0,0,12.50660175,0,0,0,0,0,0,0,17.23359497,0,0,0,0,0,0,0,0,0,0,0,0,0,0,0,0,0,0,0,0,0,0,0,39.11865797,0,0,0,0,37.37146884,31.38736586,0,0,0
"318","PWY-5347: superpathway of L-methionine biosynthesis (transsulfuration)",0,0,31.14555458,11.25615941,0,43.14145317,0,84.14118878,0,0,0,0,0,0,12.39562655,0,0,0,0,0,0,0,0,0,0,0,0,0,0,0,0,0,0,0,0,0,0,0,0,0,0,0,0,0,0,0,30.7435545,0,0,0,0,0,0,0,0,0
"320","PWY-5384: sucrose degradation IV (sucrose phosphorylase)",0,0,11.22445546,17.69616575,0,12.43031406,0,11.36613986,0,0,0,20.07028405,0,0,0,0,0,0,0,0,0,0,0,0,0,0,0,0,0,0,0,0,0,10.51759724,16.05634873,0,0,0,0,0,7.728769711,0,0,0,0,0,11.82988,0,0,0,9.437866336,13.08315651,0,4.965226376,0,0
"322","PWY-5392: reductive TCA cycle II",0,0,0,0,0,0,0,8.345129031,0,0,0,0,0,0,0,0,0,0,0,0,0,0,0,0,0,0,0,0,0,0,0,0,0,0,0,0,0,0,0,0,0,0,0,0,0,0,0,0,0,0,0,0,0,0,0,0
"324","PWY-5415: catechol degradation I (meta-cleavage pathway)",0,0,47.6907147,30.88948147,0,36.31788293,0,0,0,9.233415877,0,5.1325933,0,0,0,0,0,0,0,0,0,0,0,0,0,0,0,0,0,0,0,0,0,0,0,0,0,0,0,0,8.241435312,0,0,0,0,0,0,0,0,0,0,0,0,0,0,0
"326","PWY-5417: catechol degradation III (ortho-cleavage pathway)",0,0,0,0,0,0,0,0,0,0,0,0,0,0,0,0,0,0,0,0,0,0,0,0,0,0,0,0,0,0,0,0,0,0,0,0,0,0,0,0,0,0,0,0,0,0,0,0,0,0,0,9.270316457,13.99473589,0,0,0
"328","PWY-5419: catechol degradation to 2-hydroxypentadienoate II",0,0,0,0,0,7.38390733,0,0,0,0,0,0,0,0,0,0,0,0,0,0,0,0,0,0,0,0,0,0,0,0,0,0,0,0,0,0,0,0,0,0,0,0,0,0,0,0,0,0,0,0,0,0,0,0,0,0
"330","PWY-5420: catechol degradation II (meta-cleavage pathway)",0,0,0,0,0,11.58671046,0,0,0,0,0,0,0,0,0,0,0,0,0,0,0,0,0,0,0,0,0,0,0,0,0,0,0,0,0,0,0,0,0,0,0,0,0,0,0,0,0,0,0,0,0,0,0,0,0,0
"332","PWY-5431: aromatic compounds degradation via &beta;-ketoadipate",0,0,0,0,0,0,0,0,0,0,0,0,0,0,0,0,0,0,0,0,0,0,0,0,0,0,0,0,0,0,0,0,0,0,0,0,0,0,0,0,0,0,0,0,0,0,0,0,0,0,0,9.270316457,13.99473589,0,0,0
"334","PWY-5484: glycolysis II (from fructose 6-phosphate)",0,0,44.60701302,38.08666277,0,51.18780728,0,137.8039276,0,5.827703631,0,72.908613,0,0,0,0,0,0,0,0,0,0,0,0,0,17.406889,0,0,0,64.49566062,0,0,0,0,38.05325541,0,0,0,0,0,45.1992489,0,0,0,0,0,36.90739737,0,0,0,25.1912298,0,0,13.10675189,0,0
"336","PWY-5505: L-glutamate and L-glutamine biosynthesis",0,0,19.70389328,0,0,23.92675418,0,44.80463228,0,0,0,125.5575588,0,0,0,0,0,0,0,0,0,0,37.68716871,0,0,0,0,0,0,0,0,0,0,0,0,0,0,0,0,0,36.37829532,0,0,0,0,0,0,0,0,0,18.34352937,0,21.93018451,0,0,0
"338","PWY-5531: 3,8-divinyl-chlorophyllide a biosynthesis II (anaerobic)",0,0,0,0,0,0,0,0,0,0,0,0,0,0,0,0,0,0,0,0,0,0,0,0,0,0,0,0,0,0,0,0,0,0,0,0,0,0,0,0,19.2811023,0,0,0,0,0,0,0,0,0,0,0,0,0,0,0
"340","PWY-561: superpathway of glyoxylate cycle and fatty acid degradation",0,6.727633157,59.39082445,41.55425316,0,48.28219103,0,112.7124614,0,7.447689741,0,0,0,0,15.04537078,0,0,0,0,0,0,0,0,0,0,0,0,0,0,0,0,9.190071436,0,0,0,0,0,0,0,0,111.1425756,0,0,0,0,0,77.44276016,0,0,0,34.24100559,80.42043827,38.35924081,15.7352874,0,0
"342","PWY-5647: 2-nitrobenzoate degradation I",0,0,0,0,0,19.70965819,0,0,0,0,0,0,0,0,0,0,0,0,0,0,0,0,0,0,0,0,0,0,0,0,0,0,0,0,0,0,0,0,0,0,0,0,0,0,0,0,0,0,0,0,0,0,0,0,0,0
"344","PWY-5654: 2-amino-3-carboxymuconate semialdehyde degradation to 2-hydroxypentadienoate",0,0,0,0,0,19.06881695,0,0,0,0,0,0,0,0,0,0,0,0,0,0,0,0,0,0,0,0,0,0,0,0,0,0,0,0,0,0,0,0,0,0,0,0,0,0,0,0,0,0,0,0,0,0,0,0,0,0
"346","PWY-5659: GDP-mannose biosynthesis",0,6.673806118,23.39949942,20.9296969,0,24.86596145,0,43.79087731,0,0,5.345260648,89.15680138,0,0,0,0,0,0,0,0,0,0,6.94849101,0,5.538990496,22.24617074,0,0,0,54.45523978,0,0,0,14.48058538,62.93224698,0,0,0,0,0,43.68836506,0,0,0,0,0,12.36613427,0,0,0,0,161.1804846,0,0,0,0
"349","PWY-5667: CDP-diacylglycerol biosynthesis I",0,0,11.71819587,17.37402367,0,21.48694426,0,39.91522807,0,0,0,28.52148536,0,0,11.28422314,0,0,0,0,0,7.485082749,0,0,0,0,10.51960436,0,0,0,58.97434496,0,0,0,21.35085863,61.21881742,0,0,0,0,0,22.9868735,0,0,0,0,0,15.58069758,0,0,0,8.380044069,19.86128719,0,0,0,0
"352","PWY-5675: nitrate reduction V (assimilatory)",0,7.309226408,0,8.116779601,0,20.48172238,0,87.57048724,0,0,15.22883829,0,0,0,0,0,0,0,0,0,9.796995072,0,0,0,0,0,0,0,0,0,9.453783644,0,0,0,0,0,0,0,0,0,82.26254048,0,0,8.310602439,0,0,51.17839689,0,0,0,22.69018919,0,23.07662747,9.986227569,0,0
"354","PWY-5676: acetyl-CoA fermentation to butanoate II",0,0,9.392434755,0,0,29.85488117,0,0,0,0,0,40.69140726,0,0,7.500085419,0,0,0,0,0,0,0,0,0,0,0,0,0,0,0,0,0,0,0,0,0,0,0,0,0,22.33490918,0,0,0,0,0,12.58498433,0,0,0,0,0,0,0,0,0
"356","PWY-5686: UMP biosynthesis I",0,0,66.24222033,38.27812681,0,71.5799786,0,208.7001547,0,0,6.06952299,306.4356883,0,0,9.128501917,0,0,0,0,0,9.784672968,0,33.4486793,0,0,50.04229293,0,0,0,119.1456855,0,0,0,32.04101091,122.2545798,0,0,0,0,0,132.250176,0,0,0,0,0,70.96969105,5.188885095,0,0,40.53019532,357.9184681,26.96020074,12.65086737,7.528110914,0
"359","PWY-5690: TCA cycle II (plants and fungi)",0,0,0,0,0,29.3596917,0,0,0,0,0,0,0,0,0,0,0,0,0,0,0,0,0,0,0,0,0,0,0,0,0,0,0,0,0,0,0,0,0,0,0,0,0,0,0,0,0,0,0,0,0,0,0,11.3820222,0,0
"361","PWY-5695: inosine 5'-phosphate degradation",5.656096862,0,29.17598631,15.50496683,0,68.22932343,0,90.73202211,0,6.739373881,9.97730051,18.51902511,0,3.520809408,9.822743339,0,0,0,0,0,10.91014066,0,0,4.266281314,0,26.82597437,0,10.68159521,0,36.60211216,0,0,0,13.2480818,33.1265119,0,4.733958385,0,0,0,56.99893271,0,0,8.32998433,0,0,30.3856162,0,0,0,17.78434097,28.50467758,25.35138312,6.466595941,0,0
"364","PWY-5723: Rubisco shunt",0,0,27.47604148,42.14225675,0,34.20729421,0,169.1748648,0,0,0,168.4470065,0,0,0,0,0,0,10.87627754,0,0,0,0,0,0,25.51951044,0,0,0,48.63003329,0,0,0,14.188676,21.6070863,0,0,0,0,0,65.84891432,0,0,0,0,0,10.50777521,0,0,0,43.24638509,52.16439729,27.99844797,0,0,0
"367","PWY-5747: 2-methylcitrate cycle II",0,0,18.38978894,13.83514286,0,30.32216238,0,0,0,0,0,7.970210634,0,0,11.38272694,0,0,0,0,0,0,0,0,0,4.184166147,0,0,0,0,0,0,0,0,0,0,0,0,0,0,0,21.39944151,0,0,0,0,0,0,0,0,0,0,0,0,0,0,0
"370","PWY-5855: ubiquinol-7 biosynthesis (early decarboxylation)",0,0,25.00069492,5.681196807,0,3.902378525,0,66.83120553,0,0,0,0,0,0,0,0,0,0,0,0,0,0,0,0,0,0,0,0,0,0,0,0,0,0,0,0,0,0,0,0,6.092821672,0,0,0,0,0,11.95822586,0,0,0,0,0,0,0,0,0
"372","PWY-5913: partial TCA cycle (obligate autotrophs)",5.533074469,24.56002247,161.7996178,80.20436814,0,51.01198223,0,115.7444825,0,7.868772614,0,81.25240543,0,0,16.52806453,0,0,0,31.72513241,0,0,0,0,10.75638157,0,22.77842901,0,0,5.085230265,0,0,0,0,28.83262489,0,0,0,0,0,0,45.16030202,0,0,0,0,0,25.68690201,0,0,0,15.10778229,19.55289641,29.86326297,0,0,0
"374","PWY-5918: superpathway of heme b biosynthesis from glutamate",0,0,20.1603851,29.19744966,0,14.13147665,0,0,0,0,0,0,0,0,0,0,0,0,0,0,0,0,0,0,0,0,0,0,0,0,0,0,0,0,0,0,0,0,0,0,0,0,0,0,0,0,0,0,0,0,6.292827123,0,0,0,0,0
"376","PWY-5920: superpathway of heme b biosynthesis from glycine",0,0,17.4563656,27.85741173,0,12.5940933,0,0,0,0,0,0,0,0,0,0,0,0,0,0,0,0,0,0,0,0,0,0,0,0,0,0,0,0,0,0,0,0,0,0,0,0,0,0,0,0,0,0,0,0,8.216443119,16.95818764,0,0,0,0
"378","PWY-5941: glycogen degradation II",0,0,0,23.83092334,0,12.38508136,0,9.828203691,0,0,0,0,0,0,0,0,0,0,0,0,0,0,0,0,0,0,0,0,0,46.65481794,0,0,0,16.68708188,25.3973109,0,0,0,0,0,20.63602645,0,0,0,0,0,0,0,0,0,11.11397391,9.447000427,27.61351285,0,0,0
"382","PWY-5973: cis-vaccenate biosynthesis",0,9.58059509,69.92906013,45.50768702,6.869913258,74.22817227,0,215.6101585,0,13.99417644,0,304.5621266,0,8.255616237,13.91784085,0,0,0,0,4.792683402,8.656087207,0,50.13237856,0,4.606938244,19.00842561,0,0,0,69.67316357,0,0,0,21.76828685,53.89573192,0,0,0,0,0,144.4959856,0,0,0,0,0,102.5550505,0,0,0,9.299648062,263.8966876,24.50510883,23.08052692,17.85784192,0
"386","PWY-5981: CDP-diacylglycerol biosynthesis III",0,0,13.27206324,0,0,22.54236765,0,70.19815885,0,0,0,0,0,0,0,0,0,0,0,0,0,0,0,0,0,0,0,0,0,55.1815516,0,0,0,21.97104021,55.81676636,0,0,0,0,0,14.41223724,0,0,0,0,0,15.04700511,0,0,0,0,19.71647992,7.139682017,0,0,0
"389","PWY-5989: stearate biosynthesis II (bacteria and plants)",0,4.481092649,74.9349276,49.19094854,6.985749518,79.76510434,0,303.0619559,0,11.63693694,0,327.1791037,0,0,16.00929017,0,5.460739418,0,0,0,9.745405327,0,61.06816785,0,8.195945563,19.31382949,0,0,0,0,0,0,0,6.779092297,0,0,0,0,0,0,130.9856645,0,0,0,0,0,76.86329457,0,0,0,33.71238092,336.0106127,35.18076483,11.65964084,0,0
"392","PWY-6084: 3,5-dichlorocatechol degradation",0,0,0,0,0,0,0,0,0,0,0,14.05816377,0,0,0,0,0,0,0,0,0,0,0,0,0,0,0,0,0,0,0,0,0,0,0,0,0,0,0,0,27.51115356,0,0,0,0,0,0,0,0,0,0,0,0,0,0,0
"394","PWY-6121: 5-aminoimidazole ribonucleotide biosynthesis I",8.716379644,7.408630296,104.6902343,48.25477464,0,50.17397369,0,165.2736376,0,10.56955403,3.900061594,101.944785,0,7.078337023,12.74543259,11.87859099,0,0,16.11624498,0,13.85177849,0,0,0,8.00385381,26.81146178,0,0,10.07477307,30.6117512,7.348257317,0,0,27.3690492,57.82392128,0,0,0,0,0,125.211011,0,0,0,0,7.851101166,55.10887302,0,8.403613344,0,33.81006171,185.8140568,31.87440615,20.19346865,9.670139191,0
"398","PWY-6122: 5-aminoimidazole ribonucleotide biosynthesis II",10.50578504,9.059540035,120.281382,61.24180045,5.966427422,65.4352708,5.832075079,190.2378964,0,21.78116063,4.833585347,108.2505799,7.079261422,10.57136632,13.44239367,12.63519536,0,0,41.5994311,0,14.70126335,6.157097588,28.00047152,0,11.22433601,33.98345639,0,0,16.25150645,89.5839645,10.06227123,0,0,30.85782034,99.73130424,0,0,0,0,0,134.7189175,0,0,11.03233781,6.15588724,11.19340315,94.42708802,10.79811979,18.56941819,0,52.73940162,279.053867,39.71727163,27.25669908,16.23287265,0
"403","PWY-6123: inosine-5'-phosphate biosynthesis I",11.03409188,17.9071567,67.04038327,47.42657877,0,67.29363328,0,151.6851536,0,7.260701401,15.88308348,422.2885498,5.214063512,0,10.9353772,0,0,0,7.735092826,0,8.346031953,0,55.08628482,0,0,32.6313941,0,0,0,42.35301984,6.178682517,7.201713317,0,17.04927514,42.3656228,0,0,0,5.565215212,0,97.29508632,0,0,19.13501904,0,11.16039475,44.19716816,0,0,0,19.85599408,349.8982315,47.57245021,12.9667737,7.148731442,0
"408","PWY-6124: inosine-5'-phosphate biosynthesis II",16.115444,17.96716197,64.14726175,83.14154196,5.645659676,66.50789875,0,178.3846723,13.19932124,8.635233509,20.5452461,421.1971429,5.366332065,5.351361337,10.56753265,7.831567054,3.298974112,0,6.767982439,0,10.86337009,5.05472104,66.49593954,0,0,38.66286725,0,0,6.829953846,71.31808347,8.792385589,6.375142087,0,31.75308612,98.96192085,0,0,0,4.976046796,0,113.5574389,0,0,19.73112783,4.258761848,12.0532557,72.97329486,0,0,0,20.13221659,391.539073,61.68899162,22.28700668,7.516144618,0
"413","PWY-6125: superpathway of guanosine nucleotides de novo biosynthesis II",11.59619136,5.491529451,72.06589741,19.47847477,0,34.75249858,0,177.2737768,0,8.611205085,0,330.7388878,0,0,13.28325837,0,0,0,0,0,0,0,60.41743677,3.91631512,4.329313891,23.90753164,0,0,0,27.34006558,7.426450165,0,0,0,0,0,0,0,0,0,114.644138,0,0,18.07369017,11.36105475,0,43.11613028,0,6.846062963,0,32.89685832,350.0359497,28.55957228,12.66281446,0,0
"416","PWY-6126: superpathway of adenosine nucleotides de novo biosynthesis II",3.745768222,0,100.0176656,59.07259632,0,42.80096727,0,326.5200412,0,8.390562288,9.708722345,662.4842222,8.963745298,0,14.15508431,0,0,0,0,0,10.10684095,0,87.54103434,4.956048375,0,46.60867431,0,0,0,114.2490669,7.932184753,0,0,28.20816402,111.0855327,0,0,0,0,0,152.7236725,0,0,0,0,0,82.66536252,0,0,0,28.81863431,586.5410455,19.3691117,13.4724392,0,0
"420","PWY-6147: 6-hydroxymethyl-dihydropterin diphosphate biosynthesis I",0,0,25.85862666,10.38014779,0,25.34194007,0,32.06169329,0,6.49401658,0,31.9948823,0,4.995154495,20.65332845,5.711781219,0,0,0,0,7.41516885,0,8.774569083,0,0,33.32034911,0,0,0,49.69941731,0,6.732637458,0,16.01457534,46.37249638,0,0,0,0,0,29.38317647,0,0,0,0,0,20.64001801,0,0,0,11.50332935,47.39299829,23.44552629,0,0,0
"424","PWY-6151: S-adenosyl-L-methionine salvage I",3.265019358,0,36.4613025,49.52834546,0,36.44757672,0,0,0,0,0,16.92345579,0,0,0,0,0,0,0,0,0,0,0,0,0,0,0,0,0,0,0,0,0,0,0,0,0,0,0,0,0,0,0,0,0,0,0,0,0,0,0,0,8.120433831,0,8.240492821,0
"427","PWY-6163: chorismate biosynthesis from 3-dehydroquinate",0,12.10769578,59.69732896,43.79704154,0,86.8864328,0,119.6030641,0,6.289388985,0,164.0813375,0,0,12.83412238,3.784365745,0,0,13.71234978,0,0,0,21.32603229,0,0,17.78786809,0,0,0,37.25835655,6.278855935,0,0,11.32141676,41.29334021,0,0,0,0,0,39.93124497,0,0,0,0,0,10.10665904,0,0,0,13.63930532,96.14259836,32.50120042,4.947566934,0,0
"431","PWY-6182: superpathway of salicylate degradation",0,0,0,0,0,0,0,0,0,0,0,0,0,0,0,0,0,0,0,0,0,0,0,0,0,0,0,0,0,0,0,0,0,0,0,0,0,0,0,0,0,0,0,0,0,0,0,0,0,0,0,0,15.11344691,0,0,0
"432","PWY-6185: 4-methylcatechol degradation (ortho cleavage)",0,0,0,6.795597916,0,0,0,0,0,0,0,21.41791539,0,0,0,0,0,0,0,0,0,0,0,0,0,0,0,0,0,0,0,0,0,0,0,0,0,0,0,0,0,0,0,0,0,0,0,0,0,0,0,72.29614171,4.1078734,0,0,0
"434","PWY-6215: 4-chlorobenzoate degradation",0,0,0,0,0,11.81372291,0,0,0,0,0,0,0,0,0,0,0,0,0,0,0,0,0,0,0,0,0,0,0,0,0,0,0,0,0,0,0,0,0,0,0,0,0,0,0,0,0,0,0,0,0,12.23977255,0,0,0,0
"436","PWY-621: sucrose degradation III (sucrose invertase)",0,0,0,7.571650808,0,8.016636135,0,12.51208607,0,0,0,14.46341008,0,0,0,0,0,0,0,0,0,0,0,0,0,0,0,0,0,0,0,0,0,0,0,0,0,0,0,0,7.594575198,0,0,0,0,0,11.17205642,0,0,0,0,35.74729953,0,0,0,0
"438","PWY-6270: isoprene biosynthesis I",0,0,0,20.53313568,0,46.84480497,0,0,0,0,0,61.12717439,0,0,0,0,0,0,0,0,0,0,0,0,0,0,0,0,0,0,0,0,0,0,0,0,0,0,0,0,37.63492036,0,0,0,0,0,16.34795981,0,0,0,0,0,0,0,0,0
"440","PWY-6277: superpathway of 5-aminoimidazole ribonucleotide biosynthesis",10.50578504,9.059540035,120.281382,61.24180045,5.966427422,65.4352708,5.832075079,190.2378964,0,21.78116063,4.833585347,108.2505799,7.079261422,10.57136632,13.44239367,12.63519536,0,0,41.5994311,0,14.70126335,6.157097588,28.00047152,0,11.22433601,33.98345639,0,0,16.25150645,89.5839645,10.06227123,0,0,30.85782034,99.73130424,0,0,0,0,0,134.7189175,0,0,11.03233781,6.15588724,11.19340315,94.42708802,10.79811979,18.56941819,0,52.73940162,279.053867,39.71727163,27.25669908,16.23287265,0
"445","PWY-6282: palmitoleate biosynthesis I (from (5Z)-dodec-5-enoate)",0,4.254839775,72.98452389,47.99484357,7.987342743,77.38510417,0,315.5588999,0,12.67841352,0,420.7875067,0,6.969998114,14.4330899,0,5.22783797,0,0,0,16.70370991,0,74.54734475,0,8.019538091,18.99095787,0,0,0,0,10.73312127,0,0,11.62368631,0,0,0,0,0,0,168.2670857,0,0,0,0,0,121.7075938,0,0,0,32.93452065,439.2837385,34.88841526,23.97863253,21.81440454,0
"448","PWY-6292: superpathway of L-cysteine biosynthesis (mammalian)",4.196317356,14.96584783,0,5.999023452,0,12.13725564,0,174.2308442,0,0,4.190642261,308.9479352,0,0,0,0,0,0,0,0,27.9656842,0,39.90393518,0,12.28745937,0,0,0,0,0,0,0,0,0,0,0,0,0,0,0,48.22948226,0,0,7.434021121,0,0,62.29372404,0,0,0,31.34024359,308.8136901,5.119539672,11.13687971,9.195592544,0
"450","PWY-6293: superpathway of L-cysteine biosynthesis (fungi)",0,0,0,0,0,0,0,91.43417796,0,0,0,0,0,0,0,0,0,0,0,0,11.25997484,0,0,0,0,0,0,0,0,0,0,0,0,0,0,0,0,0,0,0,27.86243264,0,0,0,0,0,45.26470055,0,0,0,8.151790672,0,0,7.153346454,4.26645596,0
"452","PWY-6305: superpathway of putrescine biosynthesis",0,3.680761927,0,0,0,17.57105286,0,0,0,0,0,0,0,0,7.01235035,0,0,0,0,0,0,0,0,0,0,17.83936493,0,0,0,23.59216566,0,0,0,4.34084953,17.41273027,0,0,0,0,0,0,0,0,0,0,0,0,0,0,0,0,0,0,0,0,0
"454","PWY-6313: serotonin degradation",0,0,0,0,0,0,0,0,0,0,0,0,0,0,10.41505842,0,0,0,0,0,0,0,0,0,0,0,0,0,0,0,0,0,0,0,0,0,0,0,0,0,0,0,0,0,0,0,0,0,0,0,0,0,20.21834975,0,0,0
"457","PWY-6317: D-galactose degradation I (Leloir pathway)",0,0,0,7.436018701,0,0,0,10.21468306,0,0,0,0,0,0,0,0,0,0,0,0,0,0,0,0,0,0,0,0,0,0,0,0,0,0,0,0,0,0,0,0,9.576830887,0,0,0,0,0,0,0,0,0,0,0,0,0,0,0
"459","PWY-6353: purine nucleotides degradation II (aerobic)",0,0,0,0,0,34.20046139,0,70.45387474,0,0,0,0,0,0,0,0,0,0,0,0,0,0,0,0,0,13.15925416,0,0,0,29.96727334,0,0,0,10.19362004,24.06245772,0,0,0,0,0,41.94566011,0,0,6.527889423,0,0,11.44807358,0,0,0,0,0,24.27377977,0,0,0
"461","PWY-6385: peptidoglycan biosynthesis III (mycobacteria)",0,0,64.811778,39.71355452,0,61.79018403,0,115.0288976,0,0,0,67.04760532,0,0,13.10409899,0,0,0,0,0,9.16022017,0,0,0,0,25.91767888,0,0,0,62.15310433,0,0,0,20.14608047,71.49298944,0,0,0,0,0,31.07645096,0,0,0,0,0,16.13573836,0,0,0,0,55.45318288,26.02188778,0,0,0
"464","PWY-6386: UDP-N-acetylmuramoyl-pentapeptide biosynthesis II (lysine-containing)",0,0,70.52251485,44.31619093,0,67.08676377,0,114.3712362,0,0,0,101.2834589,0,0,0,0,0,0,0,0,9.81742812,0,0,0,0,27.33175744,0,0,0,65.84479853,0,0,0,20.05000173,68.68457271,0,0,0,0,0,33.55540512,0,0,0,0,0,0,0,0,0,23.38536691,0,23.47444157,0,0,0
"467","PWY-6387: UDP-N-acetylmuramoyl-pentapeptide biosynthesis I (meso-diaminopimelate containing)",0,0,65.21761275,42.00717723,0,61.79388022,0,125.4605693,0,0,0,86.73927886,0,0,11.65141879,0,0,0,0,0,10.5948759,0,0,0,0,44.01047154,0,0,0,67.18049861,0,0,0,23.53511985,72.21993644,0,0,0,0,0,30.1134278,0,0,0,0,0,14.73219584,0,0,0,22.36912531,49.9612914,28.37209334,0,0,0
"471","PWY-6435: 4-hydroxybenzoate biosynthesis III (plants)",0,0,0,0,0,0,0,0,0,0,0,0,0,0,0,0,0,0,0,0,0,0,0,0,0,0,0,0,0,0,0,0,0,0,0,0,0,0,0,0,0,0,0,0,0,0,0,0,0,0,0,12.06992871,0,0,0,0
"473","PWY-6507: 4-deoxy-L-threo-hex-4-enopyranuronate degradation",0,0,0,0,0,8.242107034,0,23.76247141,0,0,0,0,0,0,0,0,0,0,0,0,0,0,0,0,0,0,0,0,0,0,0,0,0,0,0,0,0,0,0,0,23.82758907,0,0,0,0,0,11.12592268,0,0,0,0,0,0,0,0,0
"475","PWY-6519: 8-amino-7-oxononanoate biosynthesis I",0,0,22.82268399,0,0,13.09654352,0,15.43465923,0,0,0,0,0,0,0,0,0,0,0,0,0,0,0,0,0,0,0,0,0,0,0,0,0,0,0,0,0,0,0,0,0,0,0,0,0,0,0,0,0,0,16.48862182,69.04282155,0,0,0,0
"477","PWY-6527: stachyose degradation",0,0,0,0,0,0,0,0,0,0,0,0,0,0,0,0,0,0,0,0,0,0,0,0,0,0,0,0,0,0,0,0,0,0,0,0,0,0,0,0,11.85250347,0,0,0,0,0,0,0,0,0,0,0,0,0,0,0
"479","PWY-6545: pyrimidine deoxyribonucleotides de novo biosynthesis III",7.27055824,0,38.80578582,14.07704021,0,24.06977826,0,159.7345259,0,0,0,80.3101892,0,0,0,0,0,0,0,0,0,0,0,3.292197981,0,0,0,0,0,0,0,6.986278483,0,0,0,0,0,0,0,0,39.52231209,0,0,0,0,0,33.21227402,0,0,0,12.04267025,0,7.154013882,0,0,0
"481","PWY-6549: L-glutamine biosynthesis III",0,0,83.91235528,0,0,36.7605752,0,146.0336748,0,0,0,179.1547446,0,0,11.30063432,0,0,0,0,0,0,0,0,0,0,0,0,0,0,0,7.920534419,0,0,0,0,0,0,0,0,0,53.15265033,0,0,0,0,0,40.46350493,0,0,0,0,59.02668572,29.31762347,9.026810414,0,0
"483","PWY-6588: pyruvate fermentation to acetone",0,0,0,0,0,0,0,0,0,0,0,0,0,0,0,0,0,0,0,0,0,0,0,0,0,0,0,0,0,0,0,0,0,0,0,0,0,0,0,0,13.33165238,0,0,0,0,0,0,0,0,0,0,0,0,0,0,0
"485","PWY-6590: superpathway of Clostridium acetobutylicum acidogenic fermentation",0,0,0,0,0,0,0,17.33719477,0,0,0,0,0,0,0,0,0,0,0,0,0,0,0,0,0,0,0,0,0,0,0,0,0,0,0,0,0,0,0,0,0,0,0,0,0,0,0,0,0,0,0,0,0,0,0,0
"487","PWY-6595: superpathway of guanosine nucleotides degradation (plants)",0,0,0,0,0,0,0,0,0,0,0,0,0,0,0,0,0,0,0,0,0,0,0,0,0,0,0,0,0,0,0,0,0,4.540052779,0,0,0,0,0,0,13.38046241,0,0,0,0,0,0,0,0,0,0,0,0,0,0,0
"489","PWY-6606: guanosine nucleotides degradation II",0,0,0,0,0,0,0,60.29489099,0,0,0,0,0,0,0,0,0,0,0,0,0,0,0,0,0,22.43175693,0,0,0,10.52940433,0,0,0,7.589117749,36.38424564,0,0,0,0,0,32.10553217,0,0,0,0,0,0,0,0,0,0,0,0,0,0,0
"491","PWY-6607: guanosine nucleotides degradation I",0,0,0,0,0,0,0,0,0,0,0,0,0,0,0,0,0,0,0,0,0,0,0,0,0,22.43175693,0,0,0,10.52940433,0,0,0,5.228273592,36.38424564,0,0,0,0,0,14.02866056,0,0,0,0,0,0,0,0,0,0,0,0,0,0,0
"493","PWY-6608: guanosine nucleotides degradation III",0,0,0,0,0,31.47282115,0,78.15635546,0,0,6.149504777,0,0,3.520809408,0,0,0,0,0,0,11.42253201,0,0,0,0,26.82597437,0,0,0,34.28323709,0,0,0,13.2480818,33.1265119,0,0,0,0,0,46.21025332,0,0,5.370694958,0,0,8.479084506,0,0,0,0,16.60957752,21.91661096,0,0,0
"495","PWY-6609: adenine and adenosine salvage III",0,0,19.47947942,9.7409323,0,38.41290924,0,59.04213537,0,9.250018096,7.54199733,8.429721087,0,6.099705618,0,0,0,0,0,0,13.16842325,0,0,3.000502628,0,15.72111799,0,0,0,25.77135224,0,0,0,10.91849659,23.31965364,0,3.524230389,0,0,0,48.62824398,0,0,8.768006854,0,0,27.74800481,0,0,0,12.88211518,5.275897382,25.12564393,0,0,0
"498","PWY-6628: superpathway of L-phenylalanine biosynthesis",0,7.925143975,0,19.17133224,0,54.77309857,0,9.445774631,0,0,0,37.96113348,0,0,0,0,0,0,0,0,0,0,0,0,0,16.69030444,0,0,0,37.69535709,0,0,0,0,39.73342228,0,0,0,0,0,30.58193697,0,0,0,0,0,0,0,0,0,0,10.09413225,0,0,0,0
"500","PWY-6629: superpathway of L-tryptophan biosynthesis",0,10.25947462,72.74658522,0,0,62.81712056,0,122.253377,0,0,0,203.0921124,0,0,12.92999764,0,0,0,0,0,0,0,27.94943529,0,0,21.32393136,0,0,0,49.74725773,0,0,0,0,55.63500736,0,0,0,0,0,45.78714947,0,0,0,0,0,0,0,0,0,12.49237292,143.8030798,0,0,0,0
"502","PWY-6630: superpathway of L-tyrosine biosynthesis",0,8.251507887,0,19.41938513,0,56.66561398,0,8.439811251,0,0,0,37.60662083,0,0,0,0,0,0,0,0,0,0,0,0,0,0,0,0,0,0,0,0,0,0,0,0,0,0,0,0,31.04342586,0,0,0,0,0,0,0,0,0,0,10.07006887,0,0,0,0
"504","PWY-6641: superpathway of sulfolactate degradation",0,0,0,0,0,8.391513058,0,32.22154113,0,0,0,229.6594727,0,0,0,0,0,0,0,0,0,0,45.86784913,0,0,0,0,0,0,0,0,0,0,0,0,0,0,0,0,0,14.17814701,0,0,4.168784565,0,0,34.50822922,0,0,0,0,244.4440148,0,0,0,0
"506","PWY-6700: queuosine biosynthesis I (de novo)",5.307241829,12.05672892,119.69071,40.16038146,0,92.9701817,0,110.4966464,0,21.36119411,22.90804058,209.7480975,4.468558602,0,18.87559408,0,4.903655625,0,0,0,22.05031776,0,35.33855912,0,4.7549967,23.82240979,0,0,0,59.98656137,0,0,0,21.24916087,54.19651823,0,0,0,0,0,90.22064251,0,0,14.3076407,0,0,74.10708215,8.757804569,0,0,37.75602793,224.8378458,22.9324146,9.482073208,8.201486682,0
"510","PWY-6703: preQ0 biosynthesis",0,7.757753058,46.75952716,43.8684199,0,57.22420249,0,52.98221897,0,7.401608605,7.114406398,19.17614491,0,3.602011733,9.629392537,0,0,5.040069939,0,0,14.67605476,4.004690989,7.355147239,0,0,37.38223295,0,11.19179764,9.828874119,86.20341467,5.080699396,3.794892445,0,22.42038299,75.24829896,0,0,0,0,0,55.19734943,0,0,0,4.991726451,0,15.94134503,7.338347819,0,0,11.69379559,8.607099543,31.7115685,0,0,0
"514","PWY-6749: CMP-legionaminate biosynthesis I",0,4.398882278,0,0,0,0,0,0,0,0,0,0,0,0,0,0,0,0,0,0,0,0,0,0,0,0,0,0,0,0,0,0,0,0,0,0,0,0,0,0,0,0,0,0,0,0,20.44735742,0,0,0,0,0,0,0,0,0
"516","PWY-6823: molybdopterin biosynthesis",0,5.280841622,39.4308896,50.93959489,0,44.44841317,0,144.0569053,0,0,8.692217611,575.7143309,0,0,15.33427945,0,0,0,11.28335472,4.298077414,10.90266253,0,45.94001002,0,0,8.09737037,0,0,0,86.34507835,0,0,0,24.85327874,59.06690598,0,0,0,0,0,40.47060922,0,0,8.588127283,0,0,23.76449375,0,0,0,14.45767066,612.0477593,18.5288553,0,0,0
"521","PWY-6859: all-trans-farnesol biosynthesis",3.709508303,0,0,0,0,28.65757757,0,29.0699406,0,0,0,42.30976001,0,0,0,0,0,0,0,0,0,0,0,0,0,25.85875075,0,0,0,65.06544984,0,0,0,21.91676234,90.09477708,0,0,0,0,0,31.27588949,0,0,0,0,0,9.724852816,0,0,0,12.55354756,0,0,0,1.866440079,0
"523","PWY-6876: isopropanol biosynthesis (engineered)",0,9.740028404,0,0,0,0,0,0,0,0,0,0,0,0,0,0,0,0,0,0,0,0,0,0,0,0,0,0,0,0,0,0,0,0,0,0,0,0,0,0,0,0,0,0,0,0,0,0,0,0,0,0,0,0,0,0
"525","PWY-6892: thiazole component of thiamine diphosphate biosynthesis I",0,7.692915421,0,0,5.548802922,10.82593849,0,112.5066469,0,0,0,0,0,0,0,0,0,0,0,0,18.75156435,0,19.74766812,0,4.038241681,0,0,0,0,0,8.462534971,0,0,0,0,0,0,0,0,0,18.48397335,0,0,0,0,0,32.02715981,0,0,0,9.227367667,0,15.15233855,0,9.436950642,0
"527","PWY-6897: thiamine diphosphate salvage II",0,0,0,0,0,34.2973926,0,16.25063309,0,0,0,0,0,0,0,0,0,0,0,0,0,0,0,0,0,0,0,0,0,0,0,0,0,0,0,0,0,0,0,0,11.0009468,0,0,0,0,0,30.22631137,0,0,0,0,6.064270035,14.38070008,0,0,0
"529","PWY-6901: superpathway of glucose and xylose degradation",0,0,0,0,0,0,0,38.72490759,0,0,0,48.94034218,0,0,0,0,0,0,0,0,0,0,0,0,0,0,0,0,0,0,0,0,0,0,0,0,0,0,0,0,0,0,0,0,0,0,0,0,0,0,0,21.93224288,0,0,0,0
"531","PWY-6906: chitin derivatives degradation",0,0,0,0,0,0,0,0,0,0,0,0,0,0,0,0,0,0,0,0,0,0,0,0,0,0,0,0,0,0,0,0,0,0,0,0,0,0,0,0,0,0,0,0,0,0,0,0,0,0,0,5.929729283,0,0,0,0
"533","PWY-6922: L-N&delta;-acetylornithine biosynthesis",0,0,0,0,0,11.74658345,0,0,0,0,0,0,0,0,0,0,0,0,0,0,0,0,0,0,0,0,0,0,0,0,0,0,0,0,0,0,0,0,0,0,28.91085622,0,0,0,0,0,0,0,0,0,10.41486505,0,18.2265797,0,0,0
"536","PWY-6936: seleno-amino acid biosynthesis (plants)",0,0,72.12960137,33.22235489,0,76.38067883,0,136.2314974,0,0,4.608294931,48.79407831,0,0,15.90650533,0,0,0,0,0,5.944563164,0,20.18331492,0,0,0,0,0,0,0,0,0,0,0,0,0,0,0,0,0,0,0,0,0,0,0,23.20085036,0,0,0,0,0,30.80209716,0,0,0
"539","PWY-6969: TCA cycle V (2-oxoglutarate synthase)",7.305680279,23.55286378,98.3490054,56.53806789,0,38.73741749,0,170.5025307,0,6.449497687,10.3995309,264.6295013,0,0,14.19842371,0,0,0,0,0,0,0,46.03578306,0,5.254847761,19.13864303,0,0,0,0,0,11.05639095,0,15.06702537,0,0,0,0,0,0,150.2852901,0,0,22.58018666,0,0,72.34476073,0,0,0,48.38997516,249.9864898,37.21930143,13.83321309,0,0
"542","PWY-7013: (S)-propane-1,2-diol degradation",0,0,0,0,0,5.0628464,0,0,0,0,0,0,0,0,0,0,0,0,0,0,0,0,0,0,0,0,0,0,0,0,0,0,0,0,0,0,0,0,0,0,0,0,0,0,0,0,0,0,0,0,0,0,0,0,0,0
"544","PWY-702: L-methionine biosynthesis II",5.538456454,0,48.58781786,17.04535577,0,51.86299573,0,94.51522417,0,0,0,63.64046937,0,0,6.537728607,0,0,0,0,0,0,0,21.95854599,0,4.090583309,0,0,0,0,0,0,0,0,0,0,0,0,0,0,0,0,0,0,0,0,0,59.76404619,0,0,0,0,0,15.91219148,0,9.152123425,0
"546","PWY-7052: cyanophycin metabolism",0,0,0,0,0,0,0,0,0,0,0,0,0,0,0,0,0,0,0,0,0,0,0,0,0,6.613235193,0,0,0,28.10867917,0,0,0,0,37.85210738,0,0,0,0,0,0,0,0,0,0,0,0,0,0,0,0,0,0,0,0,0
"548","PWY-7072: hopanoid biosynthesis (bacteria)",0,0,7.037793104,0,0,16.12714651,0,0,0,0,0,0,0,0,5.484739619,0,0,0,0,0,0,0,0,0,0,0,0,0,0,0,0,0,0,0,0,0,0,0,0,0,4.349433135,0,0,0,0,0,0,0,0,0,3.836154171,0,5.765505046,0,0,0
"550","PWY-7094: fatty acid salvage",0,0,0,0,0,20.50844221,0,0,0,0,0,0,0,0,20.47872652,0,0,0,0,0,0,0,0,0,0,0,0,0,0,0,0,0,0,0,0,0,0,0,0,0,10.23367077,0,0,0,0,0,0,0,0,0,0,21.47066029,0,0,0,0
"553","PWY-7111: pyruvate fermentation to isobutanol (engineered)",0,0,101.8953267,44.62022493,0,157.7456921,0,280.4588225,0,14.86226027,9.386368262,699.9813406,0,0,15.91127656,11.04251116,0,0,0,0,12.02068415,0,79.46501109,7.277492863,7.31778249,50.18621233,0,4.851631592,0,81.54523584,14.94988944,6.137197766,0,35.09635999,122.0988738,0,0,0,0,0,145.7632601,0,0,24.96992692,0,0,94.421986,0,0,0,41.05118034,719.6868311,61.0101097,8.632164504,10.35395517,0
"557","PWY-7115: C4 photosynthetic carbon assimilation cycle, NAD-ME type",0,0,78.91834611,34.15014981,0,0,0,82.86744966,0,5.213984669,0,57.97670289,0,0,0,0,0,0,0,0,0,0,0,0,0,0,0,0,0,0,0,0,0,0,0,0,0,0,0,0,40.96986572,0,0,0,0,0,17.35986479,0,0,0,0,31.55241635,25.07368342,0,0,0
"559","PWY-7117: C4 photosynthetic carbon assimilation cycle, PEPCK type",0,23.15554563,126.687391,56.52181057,0,114.2861412,0,125.7064041,0,11.80683131,0,99.76978586,0,0,19.27578744,5.2286186,0,0,0,0,9.019009483,0,0,0,0,10.11327841,0,0,0,41.86578359,0,0,0,0,30.41861663,0,0,0,0,0,38.52844608,0,0,0,0,0,16.37190349,0,0,0,15.72190865,27.6210496,35.53750767,0,0,0
"562","PWY-7118: chitin deacetylation",0,0,35.63686033,35.60788919,0,29.87048918,0,16.82207662,0,0,0,10.29034033,0,0,0,0,0,0,0,4.666670435,0,0,0,0,0,0,0,0,0,0,0,0,0,0,0,0,0,0,0,0,0,0,0,9.10494502,0,0,0,0,0,0,0,0,20.32413871,0,0,0
"565","PWY-7124: ethene biosynthesis V (engineered)",0,0,0,0,0,0,0,114.28181,0,0,0,58.70334104,0,0,0,0,0,0,0,0,0,0,0,0,0,0,0,0,0,0,0,0,0,0,0,0,0,0,0,0,20.7881159,0,0,0,0,0,0,0,0,0,0,0,0,0,0,0
"567","PWY-7159: 3,8-divinyl-chlorophyllide a biosynthesis III (aerobic, light independent)",0,0,0,0,0,7.036016516,0,0,0,0,0,33.83985762,0,0,0,0,0,0,0,0,0,0,0,0,0,31.68411841,0,0,0,83.76537035,0,0,0,24.08210548,100.3773476,0,0,0,0,0,42.1143809,0,0,0,0,0,0,0,0,0,9.564271799,13.87506242,0,0,0,0
"569","PWY-7184: pyrimidine deoxyribonucleotides de novo biosynthesis I",9.031365642,0,94.1160852,39.91163493,0,33.28052529,0,215.0540678,0,0,0,91.87901831,0,0,15.89990185,0,0,0,0,10.11112173,0,0,54.06642871,3.292197981,0,25.43735948,0,0,0,0,0,0,0,0,0,0,0,0,0,0,42.24432711,0,0,0,0,10.84566795,42.23749419,0,0,0,14.03165141,0,18.88168664,0,0,0
"571","PWY-7185: UTP and CTP dephosphorylation I",0,0,30.60594602,11.15331497,0,21.02769619,0,62.37405911,0,0,12.1852222,0,0,0,0,0,0,0,0,0,0,0,0,3.7292263,0,0,0,0,0,0,0,0,0,0,0,0,0,0,0,0,27.85033746,0,0,0,0,0,26.13326118,0,0,0,4.919095096,0,5.105082229,0,0,0
"573","PWY-7197: pyrimidine deoxyribonucleotide phosphorylation",0,0,72.97315207,32.22061161,0,23.01291847,0,145.7088229,0,0,0,204.2319366,0,5.215828377,10.91399167,0,0,0,0,10.92989432,18.27264885,0,31.89359729,3.332900103,3.798685388,27.3725238,0,7.051853546,0,101.4514261,0,13.30962485,0,16.0156456,77.90255272,0,4.830130546,0,0,0,74.66450938,0,0,0,0,0,33.64047646,0,0,0,26.02070559,109.048285,28.34117541,0,0,0
"577","PWY-7198: pyrimidine deoxyribonucleotides de novo biosynthesis IV",0,0,34.36799377,16.44835737,0,19.02362269,0,93.37386151,0,0,0,0,0,0,0,0,0,0,0,0,0,0,0,0,0,0,0,0,0,0,0,0,0,0,0,0,0,0,0,0,35.00970216,0,0,0,0,0,36.0476104,0,0,0,19.23884549,0,6.344711702,0,0,0
"579","PWY-7199: pyrimidine deoxyribonucleosides salvage",0,0,25.47328752,17.44585091,0,10.72491586,0,51.7263398,0,0,6.454118668,0,0,0,0,0,0,0,0,0,0,0,0,0,0,20.85345016,0,8.497213841,0,0,0,0,0,0,0,0,0,0,0,0,51.32952769,0,0,0,0,0,20.76650701,0,0,0,26.69759711,26.89441409,13.42074065,14.03847312,0,0
"581","PWY-7208: superpathway of pyrimidine nucleobases salvage",13.89659447,0,52.90006,34.36162853,0,27.82737542,0,186.1793279,0,7.582654214,6.293976191,62.96986261,4.533542644,6.551965477,8.003718763,0,0,0,11.95124433,0,0,0,0,3.948229166,0,14.37157304,4.223675721,0,12.33088445,48.87950591,0,0,0,13.34064671,53.23009782,4.616284866,0,0,0,0,82.8353911,0,5.174644243,12.71806963,16.9721906,0,63.62622231,0,6.651445756,0,44.12745637,23.95098292,15.94853567,10.88221118,3.978192077,0
"583","PWY-7209: superpathway of pyrimidine ribonucleosides degradation",0,0,0,0,0,0,0,0,0,0,0,0,0,0,0,0,0,0,0,0,0,0,0,0,0,0,0,0,0,0,0,0,0,0,0,0,0,0,0,0,0,0,0,0,0,0,7.96140027,0,0,0,0,0,0,0,0,0
"585","PWY-7210: pyrimidine deoxyribonucleotides biosynthesis from CTP",0,0,40.70993834,15.17864968,0,20.76826948,0,91.82728595,0,0,0,0,0,0,0,0,0,0,0,0,0,0,0,3.409027672,0,0,0,0,0,0,0,0,0,0,0,0,0,0,0,0,42.77589157,0,0,0,0,0,36.06196951,0,0,0,7.352784983,0,8.186150903,0,0,0
"587","PWY-7211: superpathway of pyrimidine deoxyribonucleotides de novo biosynthesis",0,0,50.1940133,20.82658246,0,28.09214401,0,127.2641798,0,0,0,0,0,0,0,0,0,0,0,0,0,0,0,0,0,0,0,0,0,0,0,0,0,0,0,0,0,0,0,0,0,0,0,0,0,0,46.44600909,0,0,0,9.111644365,0,20.64630148,0,0,0
"589","PWY-7218: photosynthetic 3-hydroxybutanoate biosynthesis (engineered)",0,0,0,0,0,0,0,0,0,0,0,60.3589592,0,0,0,0,0,0,0,0,0,0,0,0,0,0,0,0,0,0,0,0,0,0,0,0,0,0,0,0,18.3302816,0,0,0,0,0,0,0,0,0,0,0,0,0,0,0
"591","PWY-7220: adenosine deoxyribonucleotides de novo biosynthesis II",11.71207975,5.578608447,92.26098358,37.4134628,0,26.94277655,5.189200358,373.3525118,0,11.92128984,10.48871872,755.3716091,5.850546436,0,12.46725799,10.87696626,5.937208588,5.954062568,0,20.15803077,22.03552347,0,90.69103137,2.636198032,5.74032482,42.16507531,11.00343117,0,0,148.5754356,6.362633271,8.804430838,0,22.18051303,121.4473008,11.80280892,4.930089897,0,0,0,141.8351964,0,0,17.21444717,16.46794418,12.36042458,107.1796692,0,9.443646586,0,46.84978522,638.029543,20.93588052,9.309992473,0,0
"595","PWY-7221: guanosine ribonucleotides de novo biosynthesis",18.69262946,7.195225038,75.02601753,37.19819934,5.940255193,74.32783968,0,204.8556195,5.856832972,10.59648107,10.09637844,714.8525004,0,0,15.98063322,0,0,0,25.32986113,0,10.05243077,0,59.91436963,8.496648583,5.361905112,34.13640995,6.58446293,7.05427914,19.65305533,43.038964,11.62112685,4.112262923,0,0,18.05683086,0,0,0,7.936918309,0,147.0916939,0,8.536851226,21.87381329,13.5385246,3.350024048,78.58242339,0,6.722700317,0,31.90049611,605.394601,47.18102427,21.74306117,7.188431732,0
"599","PWY-7222: guanosine deoxyribonucleotides de novo biosynthesis II",11.71207975,5.578608447,92.26098358,37.4134628,0,26.94277655,5.189200358,373.3525118,0,11.92128984,10.48871872,755.3716091,5.850546436,0,12.46725799,10.87696626,5.937208588,5.954062568,0,20.15803077,22.03552347,0,90.69103137,2.636198032,5.74032482,42.16507531,11.00343117,0,0,148.5754356,6.362633271,8.804430838,0,22.18051303,121.4473008,11.80280892,4.930089897,0,0,0,141.8351964,0,0,17.21444717,16.46794418,12.36042458,107.1796692,0,9.443646586,0,46.84978522,638.029543,20.93588052,9.309992473,0,0
"603","PWY-7228: superpathway of guanosine nucleotides de novo biosynthesis I",14.8036716,6.828325318,83.33883222,39.28138889,5.293938225,40.55290529,0,244.4110223,0,11.33054267,10.69292292,734.754785,0,0,14.28076692,0,0,0,12.9551502,0,12.47516248,0,68.18715319,4.36520983,5.552350909,37.10063042,7.694663615,4.43798757,13.7699312,56.41691931,8.296651926,5.082214585,0,0,25.27858646,0,0,0,6.338202641,0,148.8992463,0,0,19.68543744,14.79194028,4.43284673,87.40471171,0,7.672776701,0,36.50727659,631.3659121,36.82757299,13.87901769,0,0
"607","PWY-7229: superpathway of adenosine nucleotides de novo biosynthesis I",3.383871175,0,106.8536017,71.83458599,0,54.50669842,0,325.6311366,0,8.16683875,10.00138865,654.6527697,10.63973966,0,15.47634943,0,0,0,0,0,9.382354283,0,88.08720159,5.855415519,0,48.55033284,0,0,0,110.1121118,9.048584447,0,0,31.44154559,110.8142457,0,0,0,0,0,158.793643,0,0,0,0,0,80.60985217,0,0,0,27.54506702,592.3970731,20.13267602,14.6736024,0,0
"611","PWY-7234: inosine-5'-phosphate biosynthesis III",0,13.42540231,58.6552222,21.3524357,0,53.20897103,0,55.15905545,0,0,0,29.7322624,0,0,9.652989478,0,0,0,0,0,0,0,0,0,0,0,0,0,0,0,0,0,0,0,0,0,0,0,0,0,36.41774,0,0,0,0,0,33.3109468,0,0,0,14.109875,27.14230478,29.60983819,9.732779962,0,0
"615","PWY-7238: sucrose biosynthesis II",0,4.826217505,0,23.41097324,0,12.10881746,0,0,0,0,0,21.86090609,0,0,0,7.816879136,0,0,0,0,0,0,0,0,0,24.90400595,0,0,0,67.23314975,0,0,0,29.05323261,84.13317722,0,0,0,0,0,17.53460916,0,0,0,0,0,0,10.34462123,0,0,9.059381885,9.846684232,25.75743897,0,0,0
"619","PWY-7242: D-fructuronate degradation",0,0,0,0,0,7.76610864,0,16.98159189,0,0,0,0,0,0,0,0,0,0,0,0,0,0,0,0,0,0,0,0,0,0,0,0,0,0,0,0,0,0,0,0,22.79875069,0,0,0,0,0,11.76332829,0,0,0,0,0,0,0,0,0
"621","PWY-724: superpathway of L-lysine, L-threonine and L-methionine biosynthesis II",0,0,55.34755497,17.77253785,0,53.97470234,0,132.6967587,0,0,0,92.05532296,0,0,11.16076873,0,0,0,0,0,0,0,10.23851859,0,0,20.70731669,0,0,0,54.29125194,0,0,0,14.9719456,42.84490729,0,0,0,0,0,52.7601378,0,0,5.029366833,0,8.025301563,55.39222271,0,0,0,12.26411321,65.6482946,22.42178644,0,0,0
"623","PWY-7254: TCA cycle VII (acetate-producers)",0,0,0,26.40987145,0,20.89153478,0,0,0,0,0,0,0,0,0,0,0,0,0,0,0,0,0,0,0,0,0,0,0,0,0,0,0,0,0,0,0,0,0,0,0,0,0,0,0,0,0,0,0,0,0,0,0,0,0,0
"626","PWY-7268: cytosolic NADPH production (yeast)",0,0,0,0,0,9.079808776,0,0,0,0,0,389.7679486,0,0,0,0,0,0,0,0,0,0,42.34940566,0,0,0,0,0,0,0,0,0,0,0,0,0,0,0,0,0,17.27299718,0,0,0,0,0,0,0,0,0,0,288.9014787,0,0,0,0
"628","PWY-7269: mitochondrial NADPH production (yeast)",0,0,0,0,0,6.202761428,0,0,0,0,0,345.8876739,0,0,0,0,0,0,0,0,0,0,34.04744199,0,0,0,0,0,0,0,0,0,0,0,0,0,0,0,0,0,11.73522918,0,0,0,0,0,0,0,0,0,0,219.4237876,0,0,0,0
"630","PWY-7279: aerobic respiration II (cytochrome c) (yeast)",0,0,12.50882496,0,0,35.39789749,0,51.95747533,0,0,0,261.0190174,0,0,0,0,0,0,0,0,0,0,11.23024272,0,0,0,0,0,0,0,0,0,0,0,0,0,0,0,0,0,32.86192539,0,0,0,0,0,11.62117626,0,0,0,6.622399232,357.0073845,36.48214735,0,0,0
"633","PWY-7282: 4-amino-2-methyl-5-diphosphomethylpyrimidine biosynthesis II",0,0,6.196221734,7.148551579,0,0,0,46.38168177,0,0,0,0,0,0,0,0,0,0,0,0,0,0,0,0,0,0,0,0,0,0,0,0,0,0,0,0,0,0,0,0,0,0,0,0,0,0,0,0,0,0,0,23.98405839,23.30215574,0,0,0
"636","PWY-7295: L-arabinose degradation IV",0,0,0,0,0,0,0,0,0,0,0,0,0,0,0,0,0,0,0,0,0,0,0,0,0,0,0,0,0,0,0,0,0,0,0,0,0,0,0,0,0,0,0,0,0,0,0,0,0,0,0,16.40693474,0,0,0,0
"638","PWY-7323: superpathway of GDP-mannose-derived O-antigen building blocks biosynthesis",0,0,9.732155476,0,0,15.3002307,0,15.84095809,0,0,0,34.07035362,0,0,0,0,0,0,0,0,0,0,0,0,0,0,0,0,0,29.59769395,0,0,0,0,13.67309635,0,0,0,0,0,41.2469186,0,0,0,0,0,10.84697951,0,0,0,0,45.92165885,0,0,0,0
"640","PWY-7328: superpathway of UDP-glucose-derived O-antigen building blocks biosynthesis",0,0,0,0,0,7.448228182,0,30.9607459,0,0,0,0,0,0,0,0,0,0,0,0,0,0,0,0,0,0,0,0,0,0,0,0,0,0,0,0,0,0,0,0,9.201833687,0,0,0,0,0,0,0,0,0,0,8.814781275,22.42266789,0,0,0
"643","PWY-7340: 9-cis, 11-trans-octadecadienoyl-CoA degradation (isomerase-dependent, yeast)",0,0,0,0,0,0,0,0,0,0,0,0,0,0,0,0,0,0,0,0,0,0,0,0,0,0,0,0,0,0,0,0,0,0,0,0,0,0,0,0,0,0,0,0,0,0,0,0,0,0,0,0,0,15.70434236,0,0
"645","PWY-7345: superpathway of anaerobic sucrose degradation",0,0,0,0,0,0,0,38.32909155,0,0,0,0,0,0,0,0,0,0,0,0,0,0,0,0,0,0,0,0,0,0,0,0,0,0,0,0,0,0,0,0,24.50986923,0,0,0,0,0,24.23472123,0,0,0,21.21453775,0,0,0,0,0
"647","PWY-7356: thiamine diphosphate salvage IV (yeast)",0,0,0,0,0,7.322582263,0,0,0,0,0,0,0,0,0,0,0,0,0,0,0,0,0,0,0,0,0,0,0,0,0,0,0,0,0,0,0,0,0,0,0,0,0,0,0,0,0,0,0,0,0,0,0,0,0,0
"649","PWY-7357: thiamine phosphate formation from pyrithiamine and oxythiamine (yeast)",0,0,0,0,0,34.11694104,0,11.76452544,0,0,0,0,0,0,0,0,0,0,0,0,0,0,0,0,0,0,0,0,0,0,0,0,0,0,0,0,0,0,0,0,10.02790625,0,0,0,0,0,30.47775959,0,0,0,0,16.87361814,23.65833566,0,0,0
"652","PWY-7371: 1,4-dihydroxy-6-naphthoate biosynthesis II",0,0,0,0,0,0,0,0,0,0,0,0,0,0,0,0,0,0,0,0,0,0,0,0,0,0,0,0,0,0,0,0,0,0,0,0,0,0,0,0,0,0,0,0,0,0,0,0,0,0,5.112458002,0,0,0,0,0
"654","PWY-7383: anaerobic energy metabolism (invertebrates, cytosol)",0,0,100.7573761,41.00690943,0,15.46716768,0,74.96326937,0,0,0,76.29862626,0,0,0,0,0,0,0,0,0,0,0,0,0,0,0,0,0,0,0,0,0,0,0,0,0,0,0,0,50.65666539,0,0,5.044865196,0,0,0,0,0,0,10.30250502,0,20.03970822,0,0,0
"656","PWY-7388: octanoyl-[acyl-carrier protein] biosynthesis (mitochondria, yeast)",0,0,0,0,0,16.35690371,0,72.51545301,0,0,0,222.4535274,0,0,0,0,0,0,0,0,0,0,59.10748397,0,0,0,0,0,0,0,0,0,0,0,0,0,0,0,0,0,10.04894792,0,0,0,0,0,0,0,0,0,0,241.550712,0,0,0,0
"658","PWY-7392: taxadiene biosynthesis (engineered)",0,0,0,0,0,40.96304946,0,0,0,0,0,57.65407219,0,0,0,0,0,0,0,0,0,0,0,0,0,0,0,0,0,0,0,0,0,0,0,0,0,0,0,0,36.4672809,0,0,0,0,0,15.12383647,0,0,0,0,0,0,0,0,0
"660","PWY-7400: L-arginine biosynthesis IV (archaebacteria)",0,6.272256501,70.16976025,37.80124148,0,96.08903271,0,193.4672164,0,0,0,254.2402076,0,0,15.27106953,0,0,0,0,0,0,0,0,0,0,0,0,0,0,0,0,0,0,0,0,0,0,0,0,0,73.6738286,0,0,0,0,0,54.16950328,0,0,0,0,386.2558056,29.30164079,7.177987332,0,0
"663","PWY-7431: aromatic biogenic amine degradation (bacteria)",0,0,0,0,0,0,0,0,0,0,0,0,0,0,8.666191528,0,0,0,0,0,0,0,0,0,0,0,0,0,0,0,0,0,0,0,0,0,0,0,0,0,0,0,0,0,0,0,0,0,0,0,0,0,14.93250711,0,0,0
"666","PWY-7456: &beta;-(1,4)-mannan degradation",0,0,0,0,0,0,0,12.71102042,0,0,0,0,0,0,0,0,0,0,0,0,0,0,0,0,0,0,0,0,0,0,0,0,0,0,0,0,0,0,0,0,0,0,0,0,0,0,0,0,0,0,0,0,0,0,0,0
"668","PWY-7560: methylerythritol phosphate pathway II",0,0,58.36099132,28.90968007,0,46.4006239,0,68.47278501,0,0,0,67.84125201,0,0,0,0,0,0,0,0,0,0,0,0,0,30.88710452,0,0,0,76.29534648,5.761229677,0,0,22.06218382,74.00560762,0,0,0,0,0,42.17632877,0,0,0,0,0,23.57852052,0,0,0,8.120111487,36.02852233,0,0,0,0
"671","PWY-7562: 3,6-anhydro-&alpha;-L-galactopyranose degradation",0,0,0,0,0,0,0,0,0,0,0,0,0,0,0,0,0,0,0,0,0,0,0,0,0,0,0,0,0,0,0,0,0,0,0,0,0,0,0,0,16.82882706,0,0,0,0,0,0,0,0,0,0,0,0,0,0,0
"673","PWY-7579: phycourobilin biosynthesis",0,0,0,0,0,0,0,0,0,0,0,9.147369604,0,0,0,5.754378522,0,0,0,0,0,0,0,0,0,19.8498589,0,0,0,76.37015844,0,0,0,24.90093102,64.81833537,0,0,0,0,0,0,0,0,0,0,0,0,0,0,0,0,0,0,0,0,0
"675","PWY-7663: gondoate biosynthesis (anaerobic)",24.14242476,8.343795554,133.0481167,66.43890579,10.28119711,113.3350462,0,330.5249278,5.887951759,14.70740726,10.6403566,803.6709523,4.746153917,7.121902839,16.31443172,0,5.497818,6.643202458,0,4.17414507,20.89475616,0,169.5976468,6.95256481,10.566194,20.41566286,0,0,13.73369144,69.38303574,12.03395473,0,0,24.6204742,50.73339953,0,0,0,0,0,210.1611235,0,0,12.16659845,0,0,131.6815717,0,10.39585414,0,36.42040291,877.6841918,82.55369304,25.94672049,23.52663939,0
"679","PWY-7664: oleate biosynthesis IV (anaerobic)",0,5.04118633,77.63850141,49.4240187,7.813920978,83.34083069,0,316.5641918,0,13.20392218,0,515.476057,0,6.93691894,14.53434428,0,5.31009413,0,0,0,16.40539534,0,92.8279411,0,8.637753424,18.78007434,0,0,0,0,11.07253637,0,0,12.74399009,0,0,0,0,0,0,172.6356578,0,0,0,0,0,120.7143107,0,0,0,34.61589026,530.5378032,44.62689386,24.72802604,21.53723769,0
"682","PWY-7688: dTDP-&alpha;-D-ravidosamine and dTDP-4-acetyl-&alpha;-D-ravidosamine biosynthesis",0,0,0,0,0,0,0,0,0,0,0,0,0,0,0,0,0,0,0,0,0,0,0,0,0,0,0,0,0,0,0,0,0,0,0,0,0,0,0,0,10.53422686,0,0,0,0,0,0,0,0,0,0,0,0,0,0,0
"684","PWY-7731: superpathway of photosynthetic hydrogen production",0,2.989299328,0,0,0,0,0,129.6563235,0,0,0,57.55934302,0,0,0,0,0,0,0,0,0,0,11.33154098,0,0,10.99727068,0,0,0,29.10283953,0,0,0,4.776908774,9.186756899,0,0,0,0,0,6.814167648,0,0,0,0,0,0,0,0,0,12.81539376,0,0,0,0,0
"686","PWY-7761: NAD salvage pathway II (PNC IV cycle)",0,0,14.64666244,0,0,24.49305896,0,0,0,0,0,13.34505461,0,0,0,0,0,0,0,0,0,0,8.174811709,0,0,0,0,0,0,0,0,0,0,0,0,0,0,0,0,0,8.813229581,0,0,0,0,0,0,0,0,0,6.912001702,45.38793503,7.131341335,0,0,0
"688","PWY-7790: UMP biosynthesis II",0,0,66.24222033,36.2842442,0,71.5799786,0,208.7001547,0,0,6.06952299,306.4356883,0,0,9.128501917,0,0,0,19.42986573,0,0,0,33.4486793,0,0,28.74139912,0,0,0,104.2904739,0,0,0,31.14360135,112.9074093,0,0,0,0,0,132.250176,0,0,7.864141321,0,0,47.87701799,5.188885095,0,0,40.53019532,357.9184681,26.96020074,10.98346332,7.528110914,0
"692","PWY-7791: UMP biosynthesis III",0,0,66.24222033,36.2842442,0,71.5799786,0,208.7001547,0,0,6.06952299,306.4356883,0,0,9.128501917,0,0,0,0,0,0,0,33.4486793,0,0,28.74139912,0,0,0,104.2904739,0,0,0,31.14360135,112.9074093,0,0,0,0,0,132.250176,0,0,0,0,0,47.87701799,5.188885095,0,0,40.53019532,357.9184681,26.96020074,0,7.528110914,0
"696","PWY-7851: coenzyme A biosynthesis II (eukaryotic)",0,0,15.00776028,10.59538854,0,10.43217248,0,159.5611954,0,3.376892625,0,120.070696,0,0,0,0,0,0,0,0,14.11964328,0,21.15744364,0,0,14.76339141,0,0,0,41.58063866,0,0,0,0,0,0,0,0,0,0,60.70326307,0,0,0,0,0,21.82654424,0,0,0,16.22064153,14.43391637,18.21463368,10.14758281,0,0
"700","PWY-7858: (5Z)-dodecenoate biosynthesis II",0,4.016934388,55.52681042,14.56344034,0,67.63450893,0,227.5995038,0,10.5841203,0,415.088936,0,0,0,0,5.068130863,0,0,0,8.548945363,0,73.83905917,0,7.673223701,12.98602004,0,0,0,0,10.47399082,0,0,0,0,0,0,0,0,0,144.2062669,0,0,0,0,0,70.42368159,0,0,0,31.52185068,421.1846884,34.30344293,19.63213809,13.58467974,0
"702","PWY-7902: glucosylglycerol biosynthesis",0,0,0,0,0,0,0,0,0,0,0,14.80366651,0,0,0,0,0,0,0,0,0,0,0,0,0,15.58005248,0,0,0,44.18061758,0,0,0,13.35904954,52.78181062,0,0,0,0,0,0,0,0,0,0,0,0,0,0,0,0,0,0,0,0,0
"704","PWY-7942: 5-oxo-L-proline metabolism",0,0,8.346191511,0,0,22.76116141,0,0,0,0,0,0,0,0,0,0,0,0,0,0,0,0,0,0,0,0,0,0,0,0,0,0,0,0,0,0,0,0,0,0,13.58446643,0,0,0,0,0,0,0,0,0,6.665938386,0,26.3763711,0,0,0
"707","PWY-7953: UDP-N-acetylmuramoyl-pentapeptide biosynthesis III (meso-diaminopimelate containing)",0,0,66.05300079,39.94809295,0,44.02763234,0,130.7074433,0,0,0,67.85583841,0,0,0,0,0,0,0,0,8.718006824,0,0,0,0,18.15176641,0,0,0,55.06737723,0,0,0,17.97011397,65.56195551,0,0,0,0,0,22.15379795,0,0,0,0,0,13.79203939,0,0,0,0,49.15887907,20.38203022,0,0,0
"710","PWY-7977: L-methionine biosynthesis IV",0,8.476779914,25.42570156,7.208138271,0,52.98497578,0,150.3971472,0,0,0,349.9338096,0,0,11.30431714,0,0,0,0,0,8.371794828,0,48.57564288,0,0,20.04072966,0,0,0,52.11710123,6.185700985,4.59105551,0,0,28.8752761,0,0,0,0,0,120.1678998,0,0,15.21638009,0,0,64.91788164,0,6.108490506,0,35.97332885,290.9052132,35.54163052,10.77999063,7.595775089,0
"714","PWY-8004: Entner-Doudoroff pathway I",0,0,0,20.09233501,0,21.27064078,0,32.94965892,0,0,0,213.8792287,0,0,0,0,0,0,0,0,0,0,0,0,0,0,0,0,0,25.25171281,0,0,0,0,0,0,0,0,0,0,36.75192128,0,0,0,0,0,30.71338966,0,0,0,0,178.3110839,0,0,0,0
"716","PWY-8011: L-serine biosynthesis II",0,0,0,0,0,5.11033002,0,12.51515399,0,0,0,0,0,0,0,0,0,0,0,0,0,0,0,0,4.41479717,6.603131147,0,0,6.593427826,0,0,0,0,0,0,0,0,0,0,0,14.28633459,0,0,0,0,0,5.012804322,0,0,0,7.530342489,0,0,0,0,0
"718","PWY-801: homocysteine and cysteine interconversion",0,0,0,0,0,0,0,76.48359296,0,0,0,0,0,0,0,0,0,0,0,0,10.75206441,0,0,0,0,0,0,0,0,0,0,0,0,0,0,0,0,0,0,0,21.8105344,0,0,0,0,0,37.32000074,0,0,0,5.444931145,0,0,5.152071913,10.72499956,0
"720","PWY-8073: lipid IVA biosynthesis (P. putida)",0,0,18.75952871,0,0,9.550192742,0,31.93531541,0,0,0,4.553693561,0,0,12.5564182,0,0,0,0,0,0,0,0,0,0,0,0,0,0,0,0,0,0,0,0,0,0,0,0,0,0,0,0,0,0,0,17.54636635,0,0,0,0,0,0,0,0,0
"723","PWY-8131: 5'-deoxyadenosine degradation II",0,0,0,9.413622058,0,0,0,0,0,0,0,6.821171908,0,0,0,0,0,0,0,0,0,0,0,0,0,0,0,0,0,0,0,0,0,0,0,0,0,0,0,0,0,0,0,0,0,0,0,0,0,0,0,0,7.863515064,0,0,0
"725","PWY-8178: pentose phosphate pathway (non-oxidative branch) II",7.049102755,0,76.00000023,39.60969202,4.794490034,47.19702467,0,149.070643,0,0,0,378.3521021,0,0,14.19560805,0,0,0,24.9133597,0,0,0,66.96494161,8.760535807,0,19.91665837,0,6.683186133,0,29.91404812,0,0,0,9.229490027,11.44324324,0,0,0,0,0,107.3531637,0,0,19.77501506,0,0,68.19857582,0,0,0,56.89416086,104.5517694,23.82662928,0,0,0
"727","PWY-8187: L-arginine degradation XIII (reductive Stickland reaction)",0,0,0,27.5480651,0,33.83481629,0,117.590436,0,0,0,15.2136324,0,0,6.661007574,0,0,0,0,0,0,0,0,0,0,0,0,0,0,8.790046213,0,0,0,0,0,0,0,0,0,0,35.03997381,0,0,0,0,0,32.01730072,0,0,0,6.679854068,8.844139851,0,0,0,0
"730","PWY-821: superpathway of sulfur amino acid biosynthesis (Saccharomyces cerevisiae)",0,0,16.22879726,0,0,64.27338281,0,85.81427974,0,0,0,50.39917385,0,0,0,0,0,0,0,0,0,0,18.59150427,0,0,0,0,0,0,0,0,0,0,0,0,0,0,0,0,0,0,0,0,0,0,0,30.21428754,0,0,0,0,29.89519612,0,0,0,0
"732","PWY-841: superpathway of purine nucleotides de novo biosynthesis I",6.888394981,8.609996941,73.84496001,40.73917704,0,40.63276548,0,180.2409909,0,9.315122025,0,225.010555,0,0,12.4885378,0,0,0,0,0,10.57503419,0,0,0,0,31.63523987,0,0,0,50.05773086,7.990641726,0,0,0,0,0,0,0,0,0,110.696911,0,0,0,0,0,54.96954674,0,0,0,28.3863429,264.6158955,28.56199952,15.06939647,0,0
"735","PWY-I9: L-cysteine biosynthesis VI (from L-methionine)",3.695590956,0,9.034901025,36.879378,0,20.28951076,0,0,0,0,0,23.93890825,0,0,0,0,0,0,0,0,0,0,0,0,0,0,0,0,0,0,0,0,0,0,0,0,0,0,0,0,0,0,0,0,0,0,0,0,0,0,5.531009402,0,4.793851497,0,8.792795581,0
"737","PWY0-1061: superpathway of L-alanine biosynthesis",0,0,76.79439241,40.04343624,0,36.94681172,0,53.60363559,0,4.975935565,0,50.19734831,0,0,0,0,0,0,0,0,0,0,0,0,0,0,0,0,0,0,0,0,0,0,0,0,0,0,0,0,42.0693741,0,0,0,4.160811233,6.648578527,19.06522352,0,5.205239807,0,4.798938601,56.28102043,19.93060777,0,0,0
"739","PWY0-1241: ADP-L-glycero-&beta;-D-manno-heptose biosynthesis",0,4.282095277,0,8.829857356,0,23.14902937,0,0,0,0,0,0,0,0,9.560800543,0,0,0,0,0,0,0,0,0,0,0,0,0,0,0,0,0,0,0,0,0,0,0,0,0,0,0,0,0,0,0,0,0,0,0,0,8.351317863,17.20527847,0,0,0
"741","PWY0-1296: purine ribonucleosides degradation",0,0,0,8.991706967,0,57.72799726,0,42.60983364,0,0,0,7.304349691,0,10.70114372,0,0,0,0,0,0,0,7.805615618,0,0,0,9.22489197,0,0,0,20.47475483,0,0,0,9.19599048,20.88014306,0,0,0,0,0,47.86877055,0,0,8.930014159,0,0,15.552049,0,0,0,13.15803051,6.706399905,29.31742567,0,0,0
"744","PWY0-1297: superpathway of purine deoxyribonucleosides degradation",0,0,0,12.25879674,0,41.89134102,0,15.82033144,0,0,0,9.000783676,0,0,0,0,0,0,0,0,0,0,0,0,0,0,0,0,0,13.19520725,0,0,0,0,0,0,0,0,0,0,31.4733752,0,0,5.801796222,0,0,11.03194561,0,0,0,0,3.997730822,27.9097309,0,0,0
"746","PWY0-1298: superpathway of pyrimidine deoxyribonucleosides degradation",0,0,8.76549947,12.94175887,0,15.27804105,0,0,0,0,0,0,0,0,0,0,0,0,0,0,0,0,0,0,0,0,0,0,0,0,4.471829021,0,0,0,0,0,0,0,0,0,27.09486957,0,0,0,0,0,10.49292627,0,0,0,0,0,0,0,0,0
"748","PWY0-1319: CDP-diacylglycerol biosynthesis II",0,0,11.95071587,17.37402367,0,21.48694426,0,39.91522807,0,0,0,28.52148536,0,0,11.28422314,0,0,0,0,0,7.485082749,0,0,0,0,10.51960436,0,0,0,58.97434496,0,0,0,21.35085863,61.21881742,0,0,0,0,0,22.9868735,0,0,0,0,0,15.58069758,0,0,0,8.380044069,19.86128719,0,0,0,0
"751","PWY0-1337: oleate &beta;-oxidation",0,0,0,0,0,23.11019137,0,0,0,0,0,0,0,0,0,0,0,0,0,0,0,0,0,0,0,0,0,0,0,0,0,0,0,0,0,0,0,0,0,0,27.19388858,0,0,0,0,0,26.43796004,0,0,0,9.469372365,0,0,0,0,0
"753","PWY0-1415: superpathway of heme b biosynthesis from uroporphyrinogen-III",0,0,0,7.80277276,0,0,0,0,0,0,0,0,0,0,0,0,0,0,0,0,0,0,0,0,0,0,0,0,0,0,0,0,0,0,0,0,0,0,0,0,0,0,0,0,0,0,0,0,0,0,0,0,0,0,0,0
"755","PWY0-1477: ethanolamine utilization",0,0,18.3902925,8.109865111,0,48.89386168,0,13.71222868,6.134969325,0,0,24.85844803,0,0,9.128831131,0,0,0,0,0,0,0,0,0,0,0,0,0,0,0,0,0,0,0,0,0,0,0,0,0,29.55784096,0,0,0,0,0,38.62512323,0,0,0,0,17.41964064,28.605474,0,13.22567711,0
"758","PWY0-1479: tRNA processing",0,0,64.70098308,21.25076524,0,24.3054524,0,92.16918882,0,0,0,105.0520238,0,0,0,0,0,0,9.186573477,0,8.404461342,0,0,0,0,0,0,0,0,0,0,0,0,0,0,0,0,0,0,0,18.284203,0,0,0,0,10.99562522,0,0,0,0,0,53.55565298,19.46426089,0,0,0
"761","PWY0-1586: peptidoglycan maturation (meso-diaminopimelate containing)",6.15572159,11.22978833,83.52699339,50.93576418,0,26.31043326,0,33.67820688,0,11.8684202,0,158.2628207,0,0,19.61773278,0,0,0,13.48035248,0,0,0,14.63064967,0,0,16.11263486,0,0,0,0,0,0,0,0,0,0,0,0,0,0,37.9229171,0,0,0,0,0,28.35849361,0,6.16891,0,0,136.5230631,0,5.871078464,0,0
"764","PWY0-162: superpathway of pyrimidine ribonucleotides de novo biosynthesis",0,0,56.00652011,35.58459681,0,35.52896226,0,180.9632288,0,0,0,238.3683425,0,0,0,0,0,0,0,0,0,0,0,0,0,21.84493396,0,0,0,69.4025095,0,0,0,20.02835337,78.17615848,0,0,0,0,0,103.678202,0,0,0,0,0,53.43196008,0,0,0,12.13654347,221.7666855,24.46751713,9.230819094,0,0
"767","PWY0-166: superpathway of pyrimidine deoxyribonucleotides de novo biosynthesis (E. coli)",0,0,92.98878029,40.74743419,0,38.41941842,0,211.8457553,0,0,0,94.01543287,0,0,19.34141705,0,0,0,0,9.967858178,0,0,61.5084694,0,0,24.80783864,0,0,0,0,0,0,0,0,0,0,0,0,0,0,0,0,0,0,0,0,37.50133354,0,0,0,14.48242129,0,20.60179732,0,0,0
"769","PWY0-301: L-ascorbate degradation I (bacterial, anaerobic)",0,0,0,5.755865768,0,0,0,0,0,0,0,0,0,0,0,0,0,0,0,0,0,0,0,0,0,0,0,0,0,0,0,0,0,0,0,0,0,0,0,0,0,0,0,0,0,0,0,0,0,0,0,0,0,0,0,0
"771","PWY0-42: 2-methylcitrate cycle I",0,0,18.38978894,16.58336076,0,30.32216238,0,0,0,0,0,10.40393326,0,0,0,0,0,0,0,0,0,0,0,0,4.184166147,0,0,0,0,0,5.653741458,0,0,0,0,0,0,0,0,0,21.39944151,0,0,0,0,0,14.15529135,0,0,0,0,6.770994877,0,0,0,0
"773","PWY0-781: aspartate superpathway",0,0,37.45095973,0,0,47.40346395,0,0,0,0,0,0,0,0,9.418831253,0,0,0,0,0,0,0,0,0,0,0,0,0,0,0,0,0,0,0,0,0,0,0,0,0,0,0,0,0,0,0,0,0,0,0,0,0,0,0,0,0
"775","PWY0-845: superpathway of pyridoxal 5'-phosphate biosynthesis and salvage",0,0,7.397123167,8.840625265,0,0,0,33.14277206,0,0,0,0,0,0,0,0,0,0,0,0,0,0,0,0,0,0,0,0,0,0,0,0,0,0,0,0,0,0,0,0,18.47723481,0,0,0,0,0,0,0,0,0,0,0,25.5091751,0,0,0
"777","PWY0-862: (5Z)-dodecenoate biosynthesis I",15.39641496,7.105860361,71.467821,45.70377187,6.913307566,84.69318687,0,310.7831699,3.658299193,12.97249475,9.960220532,826.0925156,5.058506647,6.744854991,13.81992978,0,5.277345947,0,0,0,14.81761282,0,163.9756699,0,9.700897261,17.60698262,0,0,0,0,11.55324401,0,0,11.78143109,0,0,0,0,0,0,165.812357,0,0,10.0044151,0,0,115.0791879,0,11.17663331,0,36.40540546,793.0403507,84.19864032,24.51846829,19.67787412,0
"781","PWY1ZNC-1: assimilatory sulfate reduction IV",0,0,21.355551,15.79755611,7.141349077,51.63507273,0,72.46525691,0,0,0,51.22147835,0,0,0,0,0,0,0,0,0,0,17.15330492,0,4.589790613,20.83987069,0,0,0,90.6154512,0,0,0,25.6126144,118.0086403,0,0,0,0,0,91.57971374,0,0,0,0,0,22.51689354,0,0,0,17.207948,28.76864182,38.21606778,0,0,0
"784","PWY3DJ-35471: L-ascorbate biosynthesis IV (animals, D-glucuronate pathway)",0,0,0,11.91045861,0,0,0,0,0,0,0,0,0,0,0,0,0,0,0,0,0,0,0,0,0,0,0,0,0,0,0,0,0,0,0,0,0,0,0,0,0,0,0,0,0,0,0,0,0,0,0,0,0,0,0,0
"785","PWY3O-4107: NAD salvage pathway V (PNC V cycle)",0,0,12.89099788,0,0,21.25512485,0,32.73987263,0,0,0,48.80069727,0,0,14.58726101,0,0,0,0,0,0,0,0,0,0,0,0,0,0,0,0,0,0,0,0,0,0,0,0,0,53.36184486,0,0,0,0,0,16.2134749,0,0,0,14.87704494,0,14.40407317,0,0,0
"788","PWY490-3: nitrate reduction VI (assimilatory)",0,0,0,0,0,0,0,9.519901155,0,0,0,11.03123799,0,0,0,0,0,0,0,0,0,0,0,0,0,0,0,0,0,0,0,0,0,0,0,0,0,0,0,0,0,0,0,0,0,0,0,0,0,0,0,0,0,0,0,0
"790","PWY4FS-7: phosphatidylglycerol biosynthesis I (plastidic)",0,0,15.36137258,0,0,10.44328247,0,36.09209635,0,0,0,40.11171868,0,0,8.450160733,0,0,0,0,0,0,0,0,0,0,8.690979441,0,0,0,0,0,0,0,0,0,0,0,0,0,0,24.79110974,0,0,0,0,0,10.91212449,0,0,0,0,28.15271774,0,0,0,0
"792","PWY4FS-8: phosphatidylglycerol biosynthesis II (non-plastidic)",0,0,15.10453895,0,0,10.44328247,0,36.09209635,0,0,0,40.11171868,0,0,8.450160733,0,0,0,0,0,0,0,0,0,0,8.690979441,0,0,0,0,0,0,0,0,0,0,0,0,0,0,24.79110974,0,0,0,0,0,10.91212449,0,0,0,0,28.15271774,0,0,0,0
"794","PWY5F9-12: biphenyl degradation",0,0,0,5.846783597,0,0,0,0,0,0,0,0,0,0,0,0,0,0,0,0,0,0,0,0,0,0,0,0,0,0,0,0,0,0,0,0,0,0,0,0,0,0,0,0,0,0,0,0,0,0,0,0,0,0,0,0
"796","PWY66-367: ketogenesis",0,12.53222849,22.90183007,5.620115914,0,45.30133442,0,0,0,0,0,0,0,0,10.51611867,0,0,0,0,0,0,0,0,0,0,0,0,0,0,0,0,0,0,0,0,0,0,0,0,0,39.8285278,0,0,11.57098719,0,0,12.35295934,0,0,0,0,12.91540784,27.10265635,0,0,0
"799","PWY66-389: phytol degradation",0,17.74384855,53.93214939,19.39021166,0,95.21628968,0,85.37710814,0,6.258608086,0,265.6569941,0,0,15.02480342,6.161560065,0,0,0,0,4.86265843,0,45.6355012,5.891108918,4.939622338,20.1974578,0,0,0,29.12132625,0,5.946578429,0,5.403993676,19.03499402,0,0,0,0,0,57.11838995,0,0,8.405288385,0,0,52.9893385,0,0,0,17.51273061,267.1780694,57.89395413,0,0,0
"803","PWY66-391: fatty acid &beta;-oxidation VI (mammalian peroxisome)",0,0,0,0,0,0,0,0,0,0,0,0,0,0,0,0,0,0,0,0,0,0,0,0,0,0,0,0,0,0,0,0,0,0,0,0,0,0,0,0,0,0,0,0,0,0,0,0,0,0,0,0,0,20.68392397,0,0
"805","PWY66-398: TCA cycle III (animals)",0,0,0,0,0,29.3596917,0,0,0,0,0,0,0,0,0,0,0,0,0,0,0,0,0,0,0,0,0,0,0,0,0,0,0,0,0,0,0,0,0,0,0,0,0,0,0,0,0,0,0,0,0,0,0,11.3820222,0,0
"807","PWY66-399: gluconeogenesis III",0,0,33.95762971,43.01298347,0,0,0,63.51317821,0,0,0,155.9642372,0,0,0,0,0,0,0,0,0,0,0,0,0,0,0,0,0,0,0,7.963511593,0,0,0,0,0,0,0,0,55.00149658,0,0,0,0,0,0,0,0,0,23.81582317,0,0,0,0,0
"809","PWY66-409: superpathway of purine nucleotide salvage",0,0,0,16.44863397,0,37.96499769,0,81.51828055,0,0,0,0,0,0,0,0,0,0,0,0,0,0,0,0,0,15.81431481,0,0,0,31.33025044,0,0,0,0,0,0,0,0,0,0,48.05648968,0,0,0,0,0,28.49360731,0,0,0,18.9040917,0,18.34604469,0,0,0
"811","PWY66-429: fatty acid biosynthesis initiation (mitochondria)",11.53410725,13.48065752,72.63778515,40.80597831,7.693493235,59.82688789,0,151.3394857,0,7.875521125,6.687074117,271.9064688,2.529909651,0,19.33818838,0,0,0,0,0,0,0,39.96572977,0,0,7.272003557,0,0,5.940547378,0,0,0,0,0,43.48309258,0,0,0,0,0,97.41025699,0,0,0,0,0,59.39377081,0,0,0,5.355345053,200.8346487,19.63665182,16.52870138,16.91318722,0
"815","PYRIDNUCSAL-PWY: NAD salvage pathway I (PNC VI cycle)",0,0,12.79642166,0,0,23.5096065,0,0,0,0,0,16.48157425,0,0,0,0,0,0,0,0,0,0,0,0,0,0,0,0,0,0,0,0,0,0,0,0,0,0,0,0,11.50642348,0,0,0,0,0,0,0,0,0,8.076876148,0,7.157046217,0,0,0
"817","PYRIDNUCSYN-PWY: NAD de novo biosynthesis I (from aspartate)",6.79055628,0,31.91095834,18.34843343,0,54.93213887,0,131.1498643,0,0,0,138.2889787,0,0,17.03227681,0,0,0,0,0,0,0,10.5351584,0,0,17.62655851,0,0,0,52.4901538,9.453635768,0,0,20.48983763,33.93847349,0,0,0,0,0,62.47983114,0,0,5.302589315,0,0,42.7207557,0,0,0,20.16313374,166.4116756,18.30830406,0,0,0
"821","PYRIDOXSYN-PWY: pyridoxal 5'-phosphate biosynthesis I",0,0,31.1118294,28.35545658,0,48.143651,0,44.22779457,0,0,0,0,0,0,8.736137643,0,0,0,0,0,0,0,0,0,0,0,0,0,0,0,0,0,0,0,0,0,0,0,0,0,32.91500877,0,0,0,0,0,0,0,0,0,7.4488787,0,25.37871242,6.334874443,0,0
"823","REDCITCYC: TCA cycle VI (Helicobacter)",0,0,0,15.99148274,0,14.36492618,0,72.21349633,0,0,0,0,0,0,0,0,0,0,0,0,0,0,0,0,0,0,0,0,0,0,0,0,0,0,0,0,0,0,0,0,0,0,0,0,0,0,0,0,0,0,0,0,0,0,0,0
"825","RHAMCAT-PWY: L-rhamnose degradation I",0,0,0,0,0,0,0,6.325674721,0,0,0,0,0,0,0,0,0,0,0,0,0,0,0,0,0,0,0,0,0,0,0,0,0,0,0,0,0,0,0,0,0,0,0,0,0,0,0,0,0,0,0,0,0,0,0,0
"827","RIBOSYN2-PWY: flavin biosynthesis I (bacteria and plants)",0,0,38.93984331,16.71247784,0,14.29518123,0,61.72477689,0,0,0,146.8387305,0,0,0,0,0,0,0,0,0,0,0,0,0,0,0,0,0,0,0,0,0,0,0,0,0,0,0,0,11.0123243,0,0,0,0,0,19.72334836,0,0,0,16.55251024,90.86145283,0,0,0,0
"829","RUMP-PWY: formaldehyde oxidation I",0,0,0,0,0,10.78281075,0,0,0,0,0,0,0,0,0,0,0,0,0,0,0,0,0,0,0,0,0,0,0,0,0,0,0,0,0,0,0,0,0,0,0,0,0,0,0,0,0,0,0,0,0,0,0,0,0,0
"831","SALVADEHYPOX-PWY: adenosine nucleotides degradation II",0,0,0,0,0,28.53083315,0,55.01269106,0,0,5.741381463,0,0,3.170906532,0,0,0,0,0,0,0,0,0,0,0,25.54895383,0,0,0,36.49955696,0,0,0,13.83333931,35.68182871,0,0,0,0,0,47.11986958,0,0,5.780073665,0,0,8.372782407,0,0,0,0,0,24.2041846,0,0,0
"833","SER-GLYSYN-PWY: superpathway of L-serine and glycine biosynthesis I",0,10.94579937,32.80920477,12.07585907,0,75.35854581,4.969640994,200.3165848,0,0,13.38236116,81.14689206,0,0,21.82928757,10.62108652,0,0,0,0,18.11379565,0,8.230939848,7.258565239,7.548209983,34.08589658,0,0,8.126077738,44.31466111,0,0,0,13.28545883,23.07189973,0,0,0,5.113824405,0,124.1267562,0,0,0,0,3.183216981,87.57934284,0,0,0,59.01386519,62.35354116,49.35361473,8.761295324,8.064128864,0
"837","SO4ASSIM-PWY: assimilatory sulfate reduction I",0,5.58429578,21.355551,16.152795,7.141349077,53.82093759,0,72.46525691,6.565976617,0,0,82.06547059,0,0,8.345854983,0,0,0,0,0,0,0,25.97796693,0,4.589790613,20.83987069,0,0,0,90.6154512,0,0,0,25.6126144,118.0086403,0,0,0,0,0,91.57971374,0,0,0,0,0,22.51689354,0,0,0,17.207948,70.07552273,38.21606778,0,0,0
"840","SULFATE-CYS-PWY: superpathway of sulfate assimilation and cysteine biosynthesis",0,0,13.93092345,11.24449188,0,61.13958006,0,28.95660675,0,0,0,85.65895424,0,0,0,0,0,0,0,0,0,0,10.23570592,0,0,0,0,0,0,0,0,0,0,0,0,0,0,0,0,0,52.39435141,0,0,0,0,0,26.83091931,0,0,0,16.90799466,64.42945777,15.22490429,0,0,0
"842","TCA-GLYOX-BYPASS: superpathway of glyoxylate bypass and TCA",6.711236709,0,0,31.8897647,0,41.75810782,0,0,0,0,0,0,0,0,14.13537316,0,0,0,0,0,0,0,0,0,0,0,0,0,0,0,0,0,0,0,0,0,0,0,0,0,0,0,0,0,0,0,0,0,0,0,26.52094524,77.05144095,0,0,0,0
"844","TCA: TCA cycle I (prokaryotic)",7.305680279,0,0,29.82148391,0,36.34976804,0,0,0,0,0,0,0,0,13.49278445,0,0,0,0,0,0,0,0,0,0,0,0,0,0,0,0,0,0,11.73940107,0,0,0,0,0,0,0,0,0,0,0,0,0,0,0,0,26.02436675,64.50998868,0,0,0,0
"846","THISYN-PWY: superpathway of thiamine diphosphate biosynthesis I",0,0,0,0,0,26.64261328,0,21.16704896,0,0,0,0,0,0,0,0,0,0,0,0,0,0,0,0,0,0,0,0,0,0,0,0,0,0,0,0,0,0,0,0,0,0,0,0,0,0,32.56524352,0,0,0,0,0,15.45590298,0,0,0
"848","THISYNARA-PWY: superpathway of thiamine diphosphate biosynthesis III (eukaryotes)",0,0,0,0,0,0,0,0,0,0,0,0,0,0,0,0,0,0,0,0,0,0,0,0,0,0,0,0,0,0,0,0,0,0,0,0,0,0,0,0,0,0,0,0,0,0,0,0,0,0,0,0,9.164147575,0,0,0
"849","THRESYN-PWY: superpathway of L-threonine biosynthesis",7.169267887,8.001116793,53.42199168,14.60492907,0,66.20846448,0,157.337592,0,7.111323032,6.817534782,317.479096,0,0,14.61765534,0,4.681180746,0,0,0,10.19311929,0,33.47320926,4.620321493,5.244250851,19.56274811,0,0,0,71.46323269,0,0,0,18.85420183,39.48625434,0,0,0,0,0,73.44349652,0,0,8.970362855,0,0,59.48953606,0,0,0,18.9733393,268.5436885,25.01980819,5.771213653,6.764220534,0
"854","TRNA-CHARGING-PWY: tRNA charging",0,0,71.18620216,31.66189818,0,67.20502882,0,195.603224,0,0,0,114.8852792,0,0,0,0,0,0,0,0,0,0,0,0,0,23.65257995,0,0,0,54.12012252,0,0,0,0,0,0,0,0,0,0,81.14146355,0,0,0,0,0,42.81055416,0,0,0,29.79777795,102.5017096,23.85699587,0,0,0
"856","TRPSYN-PWY: L-tryptophan biosynthesis",0,12.89040152,78.0839206,0,0,51.66580157,0,157.2913851,0,0,0,430.9037965,0,0,14.89653796,0,0,0,0,0,0,0,36.53281368,0,0,29.61651987,0,0,0,79.19529974,0,0,0,20.26511121,100.5508104,0,0,0,0,0,83.98206785,0,0,0,0,0,19.95483187,0,0,0,11.32919002,259.538664,0,0,0,0
"858","UDPNAGSYN-PWY: UDP-N-acetyl-D-glucosamine biosynthesis I",0,13.44100444,72.90615008,29.49455652,0,81.93388841,0,54.90879149,0,13.7707127,0,102.4160082,0,0,18.52431266,10.66321915,6.952906957,0,12.14850246,0,5.917831914,0,0,0,14.53246709,31.22706539,0,0,0,62.05635986,6.940655817,0,0,12.27423543,59.36460069,0,0,0,3.657270314,0,66.27587794,0,0,0,0,0,0,0,0,0,0,49.0198181,8.301939795,6.85006146,0,0
"862","URSIN-PWY: ureide biosynthesis",0,0,0,0,0,0,0,0,0,0,0,0,0,0,0,0,0,0,0,0,0,0,0,0,0,0,0,0,0,0,0,0,0,0,0,0,0,0,0,0,25.5366786,0,0,0,0,0,0,0,0,0,0,0,0,0,0,0
"864","VALSYN-PWY: L-valine biosynthesis",20.28277593,24.03228003,148.1636891,66.28520613,4.831424532,173.6148642,6.640282275,301.8189439,0,13.66342685,16.20190986,1395.388546,0,14.37331444,23.75277093,26.31346495,9.37049403,0,15.50935932,0,27.02999953,5.105292307,130.7978159,8.858745885,9.407368895,63.28321563,10.05937485,4.959203505,31.37936448,90.02875058,15.35799679,7.224075485,4.347707723,43.76257519,139.8208486,0,0,0,11.39053913,0,206.8525255,0,6.769575927,30.26104775,7.923332261,13.051831,137.2564983,9.432521806,6.953045501,0,70.33421026,1660.406527,72.97035833,19.5051841,12.6029527,0
